artist,track_or_project_title,release_type,confidence_score,extraction_method,source_article_title,source_article_url,source_name,article_date,embedded_music_links,release_article
Loods,Feels Like Heaven,single,1.0,spotify_playlist_api,Loods - Feels Like Heaven,https://open.spotify.com/track/0UupmTsDkL9cdm8GGLzvYq,Spotify Playlist,2026-07-31,https://open.spotify.com/track/0UupmTsDkL9cdm8GGLzvYq,True
Swedish House Mafia,Happiness Is So Sad,single,1.0,spotify_playlist_api,Swedish House Mafia - Happiness Is So Sad,https://open.spotify.com/track/5Vz9XUiw2emOIRLobTMEkD,Spotify Playlist,2026-07-30,https://open.spotify.com/track/5Vz9XUiw2emOIRLobTMEkD,True
salute,soulreply,single,1.0,spotify_playlist_api,salute - soulreply,https://open.spotify.com/track/4Txm1bcmxUS0h7fRhnhfa8,Spotify Playlist,2026-07-31,https://open.spotify.com/track/4Txm1bcmxUS0h7fRhnhfa8,True
DOSAMIS,Back2back,single,1.0,spotify_playlist_api,DOSAMIS - Back2back,https://open.spotify.com/track/3IJLLFZG1wYGhAXssEAL4a,Spotify Playlist,2026-07-24,https://open.spotify.com/track/3IJLLFZG1wYGhAXssEAL4a,True
Yaddy,Malik Al Oud,EP,1.0,spotify_playlist_api,Yaddy - Malik Al Oud,https://open.spotify.com/track/0I4467A3HPx4XhppJEWQaG,Spotify Playlist,2026-07-10,https://open.spotify.com/track/0I4467A3HPx4XhppJEWQaG,True
Mathias Pace,Slow Fire,single,1.0,spotify_playlist_api,Mathias Pace - Slow Fire,https://open.spotify.com/track/6IdwR3tmzjQQLezsW131k7,Spotify Playlist,2026-07-03,https://open.spotify.com/track/6IdwR3tmzjQQLezsW131k7,True
Lance Savali,Higher (feat. Rita Ora),single,1.0,spotify_playlist_api,Lance Savali - Higher (feat. Rita Ora),https://open.spotify.com/track/68ROeDTnieAmMrQrMJlnsY,Spotify Playlist,2026-07-30,https://open.spotify.com/track/68ROeDTnieAmMrQrMJlnsY,True
Jazty Beats,Ma'am,single,1.0,spotify_playlist_api,Jazty Beats - Ma'am,https://open.spotify.com/track/1NG8P4g5DS3j0ZxrfXs5uH,Spotify Playlist,2026-07-30,https://open.spotify.com/track/1NG8P4g5DS3j0ZxrfXs5uH,True
Sean Doron,Little More (Body Action),single,1.0,spotify_playlist_api,Sean Doron - Little More (Body Action),https://open.spotify.com/track/7MMBk3p5G0SyPiNiUDgjPD,Spotify Playlist,2026-07-31,https://open.spotify.com/track/7MMBk3p5G0SyPiNiUDgjPD,True
Stryv,Patigo,single,1.0,spotify_playlist_api,Stryv - Patigo,https://open.spotify.com/track/6RONUICnXH5jCcHEwX8Lu7,Spotify Playlist,2026-07-31,https://open.spotify.com/track/6RONUICnXH5jCcHEwX8Lu7,True
Bushbaby,Back To Funk,single,1.0,spotify_playlist_api,Bushbaby - Back To Funk,https://open.spotify.com/track/673evkde3J0TA7JxdCClDd,Spotify Playlist,2026-07-31,https://open.spotify.com/track/673evkde3J0TA7JxdCClDd,True
D.O.D,Careful,single,1.0,spotify_playlist_api,D.O.D - Careful,https://open.spotify.com/track/1kk2PNrO9mfMuwEGnAOipt,Spotify Playlist,2026-07-31,https://open.spotify.com/track/1kk2PNrO9mfMuwEGnAOipt,True
Skream,Closer - Edit,single,1.0,spotify_playlist_api,Skream - Closer - Edit,https://open.spotify.com/track/6VtwaoZE98xcL80dSCKnLF,Spotify Playlist,2026-07-31,https://open.spotify.com/track/6VtwaoZE98xcL80dSCKnLF,True
Beltran,Bring The Beat Back,single,1.0,spotify_playlist_api,Beltran - Bring The Beat Back,https://open.spotify.com/track/1xTrhGzjQXcWZOT4Xq4tZC,Spotify Playlist,2026-07-31,https://open.spotify.com/track/1xTrhGzjQXcWZOT4Xq4tZC,True
joegarratt,ur not alone,single,1.0,spotify_playlist_api,joegarratt - ur not alone,https://open.spotify.com/track/4GkaM7nyLiCDFHyLMSA76G,Spotify Playlist,2026-07-31,https://open.spotify.com/track/4GkaM7nyLiCDFHyLMSA76G,True
AYA,SAWA,single,1.0,spotify_playlist_api,AYA - SAWA,https://open.spotify.com/track/3GREOJIVX7HqTplYUcyFZ1,Spotify Playlist,2026-07-31,https://open.spotify.com/track/3GREOJIVX7HqTplYUcyFZ1,True
Vintage Culture,Think Too Much,single,1.0,spotify_playlist_api,Vintage Culture - Think Too Much,https://open.spotify.com/track/21gMbdNtW8Za7QOdTmWa5G,Spotify Playlist,2026-07-31,https://open.spotify.com/track/21gMbdNtW8Za7QOdTmWa5G,True
Ninajirachi,WannaCry,single,1.0,spotify_playlist_api,Ninajirachi - WannaCry,https://open.spotify.com/track/7JW8FRWVCOQDs40IjEXdPi,Spotify Playlist,2026-07-28,https://open.spotify.com/track/7JW8FRWVCOQDs40IjEXdPi,True
BUNT.,Stay,single,1.0,spotify_playlist_api,BUNT. - Stay,https://open.spotify.com/track/1DdmIbutzUGXkktMTkyWYh,Spotify Playlist,2026-07-31,https://open.spotify.com/track/1DdmIbutzUGXkktMTkyWYh,True
Sam Alfred,No More,single,1.0,spotify_playlist_api,Sam Alfred - No More,https://open.spotify.com/track/56US40GllguPaCuhGcgeUj,Spotify Playlist,2026-07-29,https://open.spotify.com/track/56US40GllguPaCuhGcgeUj,True
Groove Armada,Body Action,single,1.0,spotify_playlist_api,Groove Armada - Body Action,https://open.spotify.com/track/2ehc5VYZ2ktmEQO90cYjnG,Spotify Playlist,2026-07-28,https://open.spotify.com/track/2ehc5VYZ2ktmEQO90cYjnG,True
Delta Heavy,Set You Free,single,1.0,spotify_playlist_api,Delta Heavy - Set You Free,https://open.spotify.com/track/0ZtsqqqeOWnqpYIs5ncQSe,Spotify Playlist,2026-07-28,https://open.spotify.com/track/0ZtsqqqeOWnqpYIs5ncQSe,True
Ewan McVicar,Scottish Midgey,single,1.0,spotify_playlist_api,Ewan McVicar - Scottish Midgey,https://open.spotify.com/track/4KWxInaWDqKgsn6sK02XUT,Spotify Playlist,2026-07-31,https://open.spotify.com/track/4KWxInaWDqKgsn6sK02XUT,True
Confidence Man,Young London - Ben Sterling Remix,single,1.0,spotify_playlist_api,Confidence Man - Young London - Ben Sterling Remix,https://open.spotify.com/track/0QIRpu87PWUYbwn3lhEPGK,Spotify Playlist,2026-07-31,https://open.spotify.com/track/0QIRpu87PWUYbwn3lhEPGK,True
Hot Since 82,Wow - Edit,single,1.0,spotify_playlist_api,Hot Since 82 - Wow - Edit,https://open.spotify.com/track/0Fs4F8Biqm6x8SRiMd7Og4,Spotify Playlist,2026-07-31,https://open.spotify.com/track/0Fs4F8Biqm6x8SRiMd7Og4,True
James Hype,Action,single,1.0,spotify_playlist_api,James Hype - Action,https://open.spotify.com/track/4fMCQYd5Xi0MrIQq2CCkqL,Spotify Playlist,2026-07-31,https://open.spotify.com/track/4fMCQYd5Xi0MrIQq2CCkqL,True
IVAN.,Run One,single,1.0,spotify_playlist_api,IVAN. - Run One,https://open.spotify.com/track/2phA9iSVuv4bwiSrlvytLv,Spotify Playlist,2026-07-31,https://open.spotify.com/track/2phA9iSVuv4bwiSrlvytLv,True
Coco & Breezy,Follow The Rhythm,single,1.0,spotify_playlist_api,Coco & Breezy - Follow The Rhythm,https://open.spotify.com/track/1xoikdHc7u0Ed5gpMAliGU,Spotify Playlist,2026-07-31,https://open.spotify.com/track/1xoikdHc7u0Ed5gpMAliGU,True
Bob Sinclar,Tequila & Ibiza,single,1.0,spotify_playlist_api,Bob Sinclar - Tequila & Ibiza,https://open.spotify.com/track/19txbPBxw2UAX5OaFattUc,Spotify Playlist,2026-07-31,https://open.spotify.com/track/19txbPBxw2UAX5OaFattUc,True
Lauren Lo Sung,Rocksteady Rumble,single,1.0,spotify_playlist_api,Lauren Lo Sung - Rocksteady Rumble,https://open.spotify.com/track/78HVdp7NRs7sRYisKYdbjF,Spotify Playlist,2026-07-31,https://open.spotify.com/track/78HVdp7NRs7sRYisKYdbjF,True
Gabe,Let It Drop,single,1.0,spotify_playlist_api,Gabe - Let It Drop,https://open.spotify.com/track/570GfmaPCjck0y8IbLmgBn,Spotify Playlist,2026-07-31,https://open.spotify.com/track/570GfmaPCjck0y8IbLmgBn,True
Tommy Mc,Tape The Realm - Edit,single,1.0,spotify_playlist_api,Tommy Mc - Tape The Realm - Edit,https://open.spotify.com/track/4DBr82xoMNH96JXQ4X6HjR,Spotify Playlist,2026-07-31,https://open.spotify.com/track/4DBr82xoMNH96JXQ4X6HjR,True
Marco Lys,Super Hot,single,1.0,spotify_playlist_api,Marco Lys - Super Hot,https://open.spotify.com/track/7pqAuzsyoIDwUwdmw7KJeQ,Spotify Playlist,2026-07-31,https://open.spotify.com/track/7pqAuzsyoIDwUwdmw7KJeQ,True
Simon Fava,Magalenha,single,1.0,spotify_playlist_api,Simon Fava - Magalenha,https://open.spotify.com/track/650kG0vQyMypQcLSoTcrgU,Spotify Playlist,2026-07-31,https://open.spotify.com/track/650kG0vQyMypQcLSoTcrgU,True
Soul Mass Transit System,Deejay,single,1.0,spotify_playlist_api,Soul Mass Transit System - Deejay,https://open.spotify.com/track/4Sk2H29XVt3ixGlMrkeJ5c,Spotify Playlist,2026-07-31,https://open.spotify.com/track/4Sk2H29XVt3ixGlMrkeJ5c,True
Nico Morano,Neverender,single,1.0,spotify_playlist_api,Nico Morano - Neverender,https://open.spotify.com/track/4e0wyinvS3RWDX1LnoerER,Spotify Playlist,2026-07-31,https://open.spotify.com/track/4e0wyinvS3RWDX1LnoerER,True
Shadow Child,Holding Back,EP,1.0,spotify_playlist_api,Shadow Child - Holding Back,https://open.spotify.com/track/30iVbVk6Wf8WsC50SQPWym,Spotify Playlist,2026-07-31,https://open.spotify.com/track/30iVbVk6Wf8WsC50SQPWym,True
Luvstruck,In My Heart,single,1.0,spotify_playlist_api,Luvstruck - In My Heart,https://open.spotify.com/track/7IZMQWuSV0mMica8QqGmxm,Spotify Playlist,2026-07-31,https://open.spotify.com/track/7IZMQWuSV0mMica8QqGmxm,True
Belters Only,You Da Shh Girl,single,1.0,spotify_playlist_api,Belters Only - You Da Shh Girl,https://open.spotify.com/track/7okXex2vYfFoWbxvULSrUT,Spotify Playlist,2026-07-31,https://open.spotify.com/track/7okXex2vYfFoWbxvULSrUT,True
Silva Bumpa,On 2nite - Dusky Remix,single,1.0,spotify_playlist_api,Silva Bumpa - On 2nite - Dusky Remix,https://open.spotify.com/track/2FjcRwMtLa93kEeCtM6Iww,Spotify Playlist,2026-07-31,https://open.spotify.com/track/2FjcRwMtLa93kEeCtM6Iww,True
Eliza Rose,KITE,single,1.0,spotify_playlist_api,Eliza Rose - KITE,https://open.spotify.com/track/6WjC2Xc4cA3zRnZVmgnyGS,Spotify Playlist,2026-07-31,https://open.spotify.com/track/6WjC2Xc4cA3zRnZVmgnyGS,True
Italobros,Excuse Me,single,1.0,spotify_playlist_api,Italobros - Excuse Me,https://open.spotify.com/track/3LI6re9hgjfRopafe76N8t,Spotify Playlist,2026-07-31,https://open.spotify.com/track/3LI6re9hgjfRopafe76N8t,True
Ky William,Can't Help Myself,single,1.0,spotify_playlist_api,Ky William - Can't Help Myself,https://open.spotify.com/track/2kO43PPPdnH4rm1HyISvTc,Spotify Playlist,2026-07-31,https://open.spotify.com/track/2kO43PPPdnH4rm1HyISvTc,True
IVAN.,In My Mind,single,1.0,spotify_playlist_api,IVAN. - In My Mind,https://open.spotify.com/track/41yquWAd557Z6bqbspnGc7,Spotify Playlist,2026-07-31,https://open.spotify.com/track/41yquWAd557Z6bqbspnGc7,True
Julian Fijma,Together,single,1.0,spotify_playlist_api,Julian Fijma - Together,https://open.spotify.com/track/4pwv8mZwBMfWE0rt377Tic,Spotify Playlist,2026-07-31,https://open.spotify.com/track/4pwv8mZwBMfWE0rt377Tic,True
Armin van Buuren,Everlasting,single,1.0,spotify_playlist_api,Armin van Buuren - Everlasting,https://open.spotify.com/track/5cghkAwcQt4ujKewPNIQ91,Spotify Playlist,2026-07-31,https://open.spotify.com/track/5cghkAwcQt4ujKewPNIQ91,True
LIGHTLEAK,Casa Ponte,single,1.0,spotify_playlist_api,LIGHTLEAK - Casa Ponte,https://open.spotify.com/track/7rKSCsqyh4YsJtGBpZVMSg,Spotify Playlist,2026-07-31,https://open.spotify.com/track/7rKSCsqyh4YsJtGBpZVMSg,True
Tape B,Underneath Your Skin,single,1.0,spotify_playlist_api,Tape B - Underneath Your Skin,https://open.spotify.com/track/1b5M5fSUn4P30H8aqD8oM2,Spotify Playlist,2026-07-31,https://open.spotify.com/track/1b5M5fSUn4P30H8aqD8oM2,True
Four Tet,Human Voice,single,1.0,spotify_playlist_api,Four Tet - Human Voice,https://open.spotify.com/track/5Lh2zmWu8BecY2l9Upggm9,Spotify Playlist,2026-07-31,https://open.spotify.com/track/5Lh2zmWu8BecY2l9Upggm9,True
HAAi,Ignition,single,1.0,spotify_playlist_api,HAAi - Ignition,https://open.spotify.com/track/7zdkHd3pJ1Fo7N3FSiF0gN,Spotify Playlist,2026-07-28,https://open.spotify.com/track/7zdkHd3pJ1Fo7N3FSiF0gN,True
longstoryshort,WHIPLASH,single,1.0,spotify_playlist_api,longstoryshort - WHIPLASH,https://open.spotify.com/track/6nRw81vRRVM2cuU0yB08q3,Spotify Playlist,2026-07-27,https://open.spotify.com/track/6nRw81vRRVM2cuU0yB08q3,True
Fcukers,"if you wanna party, come over to my house - Eli Escobar Remix",single,1.0,spotify_playlist_api,"Fcukers - if you wanna party, come over to my house - Eli Escobar Remix",https://open.spotify.com/track/1obXMs0oyVrL1Q8nUEOV1n,Spotify Playlist,2026-07-28,https://open.spotify.com/track/1obXMs0oyVrL1Q8nUEOV1n,True
Sultan + Shepard,Centuries,single,1.0,spotify_playlist_api,Sultan + Shepard - Centuries,https://open.spotify.com/track/0nRku7luPk4xnS1SU3S0am,Spotify Playlist,2026-07-30,https://open.spotify.com/track/0nRku7luPk4xnS1SU3S0am,True
R3HAB,Dream inside a dream...,album,1.0,spotify_playlist_api,R3HAB - Dream inside a dream...,https://open.spotify.com/track/646gVKNhqtIbOtTjys0Dzd,Spotify Playlist,2026-07-31,https://open.spotify.com/track/646gVKNhqtIbOtTjys0Dzd,True
Surya Sen,Leave Right Now,single,1.0,spotify_playlist_api,Surya Sen - Leave Right Now,https://open.spotify.com/track/3xA724VgSVn5wMJFoyxfeS,Spotify Playlist,2026-07-31,https://open.spotify.com/track/3xA724VgSVn5wMJFoyxfeS,True
Maesic,Technologic,single,1.0,spotify_playlist_api,Maesic - Technologic,https://open.spotify.com/track/1nHZj9CArTKl7O2y2qGjeh,Spotify Playlist,2026-07-31,https://open.spotify.com/track/1nHZj9CArTKl7O2y2qGjeh,True
Kaskade,Runaway,single,1.0,spotify_playlist_api,Kaskade - Runaway,https://open.spotify.com/track/4nLr5bhxYmHOKmlPzY1oH2,Spotify Playlist,2026-07-31,https://open.spotify.com/track/4nLr5bhxYmHOKmlPzY1oH2,True
Mahmut Orhan,Transatlantic,single,1.0,spotify_playlist_api,Mahmut Orhan - Transatlantic,https://open.spotify.com/track/4YnRbDzX0bqiKnu3aCeC7n,Spotify Playlist,2026-07-31,https://open.spotify.com/track/4YnRbDzX0bqiKnu3aCeC7n,True
YOTTO,Deep Dive,single,1.0,spotify_playlist_api,YOTTO - Deep Dive,https://open.spotify.com/track/5I8YZqgeADPkF3rUyAhpuz,Spotify Playlist,2026-07-31,https://open.spotify.com/track/5I8YZqgeADPkF3rUyAhpuz,True
Pola & Bryson,Where Did You Go,single,1.0,spotify_playlist_api,Pola & Bryson - Where Did You Go,https://open.spotify.com/track/5a62ibJyiPkTZ7q4m8D33H,Spotify Playlist,2026-07-31,https://open.spotify.com/track/5a62ibJyiPkTZ7q4m8D33H,True
Baby Pantera,Imara,single,1.0,spotify_playlist_api,Baby Pantera - Imara,https://open.spotify.com/track/3fvK117AzHf8qAgwsGUiEW,Spotify Playlist,2026-07-30,https://open.spotify.com/track/3fvK117AzHf8qAgwsGUiEW,True
DANNY AVILA,Welcome 2 Miami,single,1.0,spotify_playlist_api,DANNY AVILA - Welcome 2 Miami,https://open.spotify.com/track/1cKE1icepv5syN00224VYX,Spotify Playlist,2026-07-31,https://open.spotify.com/track/1cKE1icepv5syN00224VYX,True
Novaj,Knock Me Off My Feet,single,1.0,spotify_playlist_api,Novaj - Knock Me Off My Feet,https://open.spotify.com/track/7z7FahBr9fDjpluDwJCcTP,Spotify Playlist,2026-07-31,https://open.spotify.com/track/7z7FahBr9fDjpluDwJCcTP,True
Salomé Le Chat,Never Enough,single,1.0,spotify_playlist_api,Salomé Le Chat - Never Enough,https://open.spotify.com/track/6mhGRoFehY2OeSNjqtYy9s,Spotify Playlist,2026-07-31,https://open.spotify.com/track/6mhGRoFehY2OeSNjqtYy9s,True
DRAMA,DRAMA club: Noche,single,1.0,spotify_playlist_api,DRAMA - DRAMA club: Noche,https://open.spotify.com/track/2LsOc55BssENnGvNIfGdVm,Spotify Playlist,2026-07-31,https://open.spotify.com/track/2LsOc55BssENnGvNIfGdVm,True
Swimming Paul,Still Blessed,single,1.0,spotify_playlist_api,Swimming Paul - Still Blessed,https://open.spotify.com/track/1Z8sB1Xk39NbI4jTK7PVZ7,Spotify Playlist,2026-07-31,https://open.spotify.com/track/1Z8sB1Xk39NbI4jTK7PVZ7,True
Alan Walker,Pain,single,1.0,spotify_playlist_api,Alan Walker - Pain,https://open.spotify.com/track/2OPst1Pir86MpT6Rt9Zjbw,Spotify Playlist,2026-07-31,https://open.spotify.com/track/2OPst1Pir86MpT6Rt9Zjbw,True
Adana Twins,Those Words,single,1.0,spotify_playlist_api,Adana Twins - Those Words,https://open.spotify.com/track/3gviotIG0pkbYqBC7l1ZGf,Spotify Playlist,2026-07-31,https://open.spotify.com/track/3gviotIG0pkbYqBC7l1ZGf,True
Paul Oakenfold,Metaverse,single,1.0,spotify_playlist_api,Paul Oakenfold - Metaverse,https://open.spotify.com/track/3IQqj5MLsryB7C93ebygpJ,Spotify Playlist,2026-07-31,https://open.spotify.com/track/3IQqj5MLsryB7C93ebygpJ,True
RUZE,Pushin' On - Radio Edit,single,1.0,spotify_playlist_api,RUZE - Pushin' On - Radio Edit,https://open.spotify.com/track/6Ew3KMWtyrCD8glkQLf4M5,Spotify Playlist,2026-07-31,https://open.spotify.com/track/6Ew3KMWtyrCD8glkQLf4M5,True
WELKER,LA TO IBIZA,single,1.0,spotify_playlist_api,WELKER - LA TO IBIZA,https://open.spotify.com/track/2nPFKy5gMQS7Faj3q8mqw2,Spotify Playlist,2026-07-31,https://open.spotify.com/track/2nPFKy5gMQS7Faj3q8mqw2,True
KITSCHKRIEG,Gut Genug (with Skepta & Blumengarten),single,1.0,spotify_playlist_api,KITSCHKRIEG - Gut Genug (with Skepta & Blumengarten),https://open.spotify.com/track/71zVyAO3nkykYTFBfiw1DM,Spotify Playlist,2026-07-31,https://open.spotify.com/track/71zVyAO3nkykYTFBfiw1DM,True
Nicola Fasano,Shined On Me - Original Mix,EP,1.0,spotify_playlist_api,Nicola Fasano - Shined On Me - Original Mix,https://open.spotify.com/track/5zctuMD7pf3jjn0KJvJJdF,Spotify Playlist,2026-07-31,https://open.spotify.com/track/5zctuMD7pf3jjn0KJvJJdF,True
NERO,We're Not Alone,single,1.0,spotify_playlist_api,NERO - We're Not Alone,https://open.spotify.com/track/6XmyL6AjHgssLxJEWUBocv,Spotify Playlist,2026-07-31,https://open.spotify.com/track/6XmyL6AjHgssLxJEWUBocv,True
Major Lazer,"RoTATe wiTh aMeRiCa FOsTeR, sKiLLiBeNg aNd bEAM",single,1.0,spotify_playlist_api,"Major Lazer - RoTATe wiTh aMeRiCa FOsTeR, sKiLLiBeNg aNd bEAM",https://open.spotify.com/track/1MpcTgOwN7Z3fL9ygUzrHU,Spotify Playlist,2026-07-31,https://open.spotify.com/track/1MpcTgOwN7Z3fL9ygUzrHU,True
Tim Engelhardt,In Your Head,EP,1.0,spotify_playlist_api,Tim Engelhardt - In Your Head,https://open.spotify.com/track/2SeQImFA4byJJYS61VwB9J,Spotify Playlist,2026-07-31,https://open.spotify.com/track/2SeQImFA4byJJYS61VwB9J,True
Nicky Romero,Follow You,single,1.0,spotify_playlist_api,Nicky Romero - Follow You,https://open.spotify.com/track/3PPRY6GHojcQS2l8mJypyH,Spotify Playlist,2026-07-31,https://open.spotify.com/track/3PPRY6GHojcQS2l8mJypyH,True
Moojo,Show Me,single,1.0,spotify_playlist_api,Moojo - Show Me,https://open.spotify.com/track/7fFIwnKnMR8aobGOIdhGcF,Spotify Playlist,2026-07-31,https://open.spotify.com/track/7fFIwnKnMR8aobGOIdhGcF,True
DumitrEscu,Secrets,single,1.0,spotify_playlist_api,DumitrEscu - Secrets,https://open.spotify.com/track/6jbkf149SUyfKC61XXhAd7,Spotify Playlist,2026-07-31,https://open.spotify.com/track/6jbkf149SUyfKC61XXhAd7,True
AG Swifty,Poppy Pill,single,1.0,spotify_playlist_api,AG Swifty - Poppy Pill,https://open.spotify.com/track/5vzilsnm2ht0puswLrtdHe,Spotify Playlist,2026-07-31,https://open.spotify.com/track/5vzilsnm2ht0puswLrtdHe,True
Sam Gellaitry,LONGING,album,1.0,spotify_playlist_api,Sam Gellaitry - LONGING,https://open.spotify.com/track/3n8Y69tgxh3tk8BLxNAxLg,Spotify Playlist,2026-07-31,https://open.spotify.com/track/3n8Y69tgxh3tk8BLxNAxLg,True
Broken Hill,Disco Biscuit,single,1.0,spotify_playlist_api,Broken Hill - Disco Biscuit,https://open.spotify.com/track/3oRxAZstpoc5xrT9HYFIJv,Spotify Playlist,2026-07-31,https://open.spotify.com/track/3oRxAZstpoc5xrT9HYFIJv,True
KE-YEN,HAVE A GOOD TIME,single,1.0,spotify_playlist_api,KE-YEN - HAVE A GOOD TIME,https://open.spotify.com/track/1Ejq3i5QLXu544wc7UshLk,Spotify Playlist,2026-07-31,https://open.spotify.com/track/1Ejq3i5QLXu544wc7UshLk,True
Massano,Beyond Today,single,1.0,spotify_playlist_api,Massano - Beyond Today,https://open.spotify.com/track/0VR8VXFOy0r8EvDxhbp5mR,Spotify Playlist,2026-07-31,https://open.spotify.com/track/0VR8VXFOy0r8EvDxhbp5mR,True
AC Slater,Hyper Drop,single,1.0,spotify_playlist_api,AC Slater - Hyper Drop,https://open.spotify.com/track/6pkCvIwkNXMUsWTik6lhzP,Spotify Playlist,2026-07-31,https://open.spotify.com/track/6pkCvIwkNXMUsWTik6lhzP,True
Rafael Cerato,Right Now,single,1.0,spotify_playlist_api,Rafael Cerato - Right Now,https://open.spotify.com/track/6XBm5VoxBy0ebSvgl2Jyw6,Spotify Playlist,2026-07-31,https://open.spotify.com/track/6XBm5VoxBy0ebSvgl2Jyw6,True
SEBS,Booty Roll,single,1.0,spotify_playlist_api,SEBS - Booty Roll,https://open.spotify.com/track/3fVnYcsWzLWc1iwplYUwOg,Spotify Playlist,2026-07-31,https://open.spotify.com/track/3fVnYcsWzLWc1iwplYUwOg,True
Mary Droppinz,LOUDER,single,1.0,spotify_playlist_api,Mary Droppinz - LOUDER,https://open.spotify.com/track/3brvssSESxEX10VwiPWpB3,Spotify Playlist,2026-07-31,https://open.spotify.com/track/3brvssSESxEX10VwiPWpB3,True
DVBBS,Say Yea (feat. Amira Eldine),single,1.0,spotify_playlist_api,DVBBS - Say Yea (feat. Amira Eldine),https://open.spotify.com/track/5AQDvtN8uwUIpEKS2znReK,Spotify Playlist,2026-07-31,https://open.spotify.com/track/5AQDvtN8uwUIpEKS2znReK,True
Tini Gessler,125,single,1.0,spotify_playlist_api,Tini Gessler - 125,https://open.spotify.com/track/6OJzJxia2G7FDZWba9yR7o,Spotify Playlist,2026-07-31,https://open.spotify.com/track/6OJzJxia2G7FDZWba9yR7o,True
DMC,Like Tha,single,1.0,spotify_playlist_api,DMC - Like Tha,https://open.spotify.com/track/7yINwBY2KfVAYCBLlXL0y1,Spotify Playlist,2026-07-31,https://open.spotify.com/track/7yINwBY2KfVAYCBLlXL0y1,True
THAT KIND,Should've Been,single,1.0,spotify_playlist_api,THAT KIND - Should've Been,https://open.spotify.com/track/2YSVqMtmFuqfl0gMOhD05W,Spotify Playlist,2026-07-31,https://open.spotify.com/track/2YSVqMtmFuqfl0gMOhD05W,True
GATTÜSO,ASE,single,1.0,spotify_playlist_api,GATTÜSO - ASE,https://open.spotify.com/track/0QGOrsqVbVUqoA0f6W4vRF,Spotify Playlist,2026-07-31,https://open.spotify.com/track/0QGOrsqVbVUqoA0f6W4vRF,True
MK,Zone (feat. Poppy Baskcomb) - Late Replies Remix,single,1.0,spotify_playlist_api,MK - Zone (feat. Poppy Baskcomb) - Late Replies Remix,https://open.spotify.com/track/3gum9Np6MkA3Jz8KpBItbq,Spotify Playlist,2026-07-31,https://open.spotify.com/track/3gum9Np6MkA3Jz8KpBItbq,True
CIEL.,All My Love,single,1.0,spotify_playlist_api,CIEL. - All My Love,https://open.spotify.com/track/1XE7pQ0L1CdZk5q33YZjjS,Spotify Playlist,2026-07-31,https://open.spotify.com/track/1XE7pQ0L1CdZk5q33YZjjS,True
Jax Jones,Pulling Me Back - DUB,single,1.0,spotify_playlist_api,Jax Jones - Pulling Me Back - DUB,https://open.spotify.com/track/30Z0lnNw2Jst2K9vYkEhr1,Spotify Playlist,2026-07-31,https://open.spotify.com/track/30Z0lnNw2Jst2K9vYkEhr1,True
Bad Friends,Heat Of The Moment,single,1.0,spotify_playlist_api,Bad Friends - Heat Of The Moment,https://open.spotify.com/track/6MNPk8IPltrxQ1arRtVgmV,Spotify Playlist,2026-07-31,https://open.spotify.com/track/6MNPk8IPltrxQ1arRtVgmV,True
MA:RK,Feel It,single,1.0,spotify_playlist_api,MA:RK - Feel It,https://open.spotify.com/track/0V7hWDWX9IOEhShRmQ6LjC,Spotify Playlist,2026-07-31,https://open.spotify.com/track/0V7hWDWX9IOEhShRmQ6LjC,True
Brooks,Call My Bluff,single,1.0,spotify_playlist_api,Brooks - Call My Bluff,https://open.spotify.com/track/2KwSQaIdc0XPGG2OwFQ4tX,Spotify Playlist,2026-07-31,https://open.spotify.com/track/2KwSQaIdc0XPGG2OwFQ4tX,True
Jamezy,Suns Out,single,1.0,spotify_playlist_api,Jamezy - Suns Out,https://open.spotify.com/track/6AISVWuPi3pUs7zjgKk0rT,Spotify Playlist,2026-07-30,https://open.spotify.com/track/6AISVWuPi3pUs7zjgKk0rT,True
Rosey Gold,Better Wait,single,1.0,spotify_playlist_api,Rosey Gold - Better Wait,https://open.spotify.com/track/47ytW7FVxOdDbA4BkUrxUa,Spotify Playlist,2026-07-31,https://open.spotify.com/track/47ytW7FVxOdDbA4BkUrxUa,True
Scott Steer,I Can Make You (Feel Good),single,1.0,spotify_playlist_api,Scott Steer - I Can Make You (Feel Good),https://open.spotify.com/track/4fSpdl5JM3CCMt9v8SJUCu,Spotify Playlist,2026-07-31,https://open.spotify.com/track/4fSpdl5JM3CCMt9v8SJUCu,True
Gil Glaze,Eyes (feat. Bipolar Sunshine),single,1.0,spotify_playlist_api,Gil Glaze - Eyes (feat. Bipolar Sunshine),https://open.spotify.com/track/3mpMDNIByGq9iM2Yr7W7WQ,Spotify Playlist,2026-07-31,https://open.spotify.com/track/3mpMDNIByGq9iM2Yr7W7WQ,True
S3PPA,Inner Peace,single,1.0,spotify_playlist_api,S3PPA - Inner Peace,https://open.spotify.com/track/4Ru9INxM1Nknqd7NR8ytl3,Spotify Playlist,2026-07-31,https://open.spotify.com/track/4Ru9INxM1Nknqd7NR8ytl3,True
Sonnee,homesick,single,1.0,spotify_playlist_api,Sonnee - homesick,https://open.spotify.com/track/5SBrn7L35d5WU5mpOPsxr4,Spotify Playlist,2026-07-29,https://open.spotify.com/track/5SBrn7L35d5WU5mpOPsxr4,True
Courtney Storm,Settle Down,single,1.0,spotify_playlist_api,Courtney Storm - Settle Down,https://open.spotify.com/track/3fA8eGFtEoQDu3vKsc5uqX,Spotify Playlist,2026-07-31,https://open.spotify.com/track/3fA8eGFtEoQDu3vKsc5uqX,True
Kevin McKay,Together,single,1.0,spotify_playlist_api,Kevin McKay - Together,https://open.spotify.com/track/3LRhmVTSCrSJ3q9zGsUkPE,Spotify Playlist,2026-07-31,https://open.spotify.com/track/3LRhmVTSCrSJ3q9zGsUkPE,True
Jonny Haddy,Like House Music,single,1.0,spotify_playlist_api,Jonny Haddy - Like House Music,https://open.spotify.com/track/58YE8DXSMaplpGmFwu4GTi,Spotify Playlist,2026-07-31,https://open.spotify.com/track/58YE8DXSMaplpGmFwu4GTi,True
Ben Remember,Truth,single,1.0,spotify_playlist_api,Ben Remember - Truth,https://open.spotify.com/track/0cLqFiwevvLmNH8EmP0aAB,Spotify Playlist,2026-07-31,https://open.spotify.com/track/0cLqFiwevvLmNH8EmP0aAB,True
Gabriel Muñoz,Taking You,single,1.0,spotify_playlist_api,Gabriel Muñoz - Taking You,https://open.spotify.com/track/43tqKrEpLptBWZ0i1EXreb,Spotify Playlist,2026-07-31,https://open.spotify.com/track/43tqKrEpLptBWZ0i1EXreb,True
Hedex,Ok Ok,single,1.0,spotify_playlist_api,Hedex - Ok Ok,https://open.spotify.com/track/6GSrGnm398xsb0WnewG9VQ,Spotify Playlist,2026-07-31,https://open.spotify.com/track/6GSrGnm398xsb0WnewG9VQ,True
HAVEN.,Red Light,single,1.0,spotify_playlist_api,HAVEN. - Red Light,https://open.spotify.com/track/3iFOnxJJYJCACrmDRnb1eY,Spotify Playlist,2026-07-31,https://open.spotify.com/track/3iFOnxJJYJCACrmDRnb1eY,True
Jamie Unknown,All Night,single,1.0,spotify_playlist_api,Jamie Unknown - All Night,https://open.spotify.com/track/3vGNBBZ1jrvjXOsMT4hswb,Spotify Playlist,2026-07-29,https://open.spotify.com/track/3vGNBBZ1jrvjXOsMT4hswb,True
40 Thieves,Don't Turn It Off - Dam Swindle Remix,single,1.0,spotify_playlist_api,40 Thieves - Don't Turn It Off - Dam Swindle Remix,https://open.spotify.com/track/1DT83fdOA6nk2SbYGjraFc,Spotify Playlist,2026-07-31,https://open.spotify.com/track/1DT83fdOA6nk2SbYGjraFc,True
Lost Witness,Torn - Micky Modelle Remix,single,1.0,spotify_playlist_api,Lost Witness - Torn - Micky Modelle Remix,https://open.spotify.com/track/132NNCxp238EV60EHxHeco,Spotify Playlist,2026-07-31,https://open.spotify.com/track/132NNCxp238EV60EHxHeco,True
DJ Romain,Funky Streets,EP,1.0,spotify_playlist_api,DJ Romain - Funky Streets,https://open.spotify.com/track/5B9kJg1sMmYBOehu1W2qD9,Spotify Playlist,2026-07-31,https://open.spotify.com/track/5B9kJg1sMmYBOehu1W2qD9,True
Lockerz,So Serious,single,1.0,spotify_playlist_api,Lockerz - So Serious,https://open.spotify.com/track/4xPyAOKqIrvqbOq97hoB3b,Spotify Playlist,2026-07-31,https://open.spotify.com/track/4xPyAOKqIrvqbOq97hoB3b,True
Voltage,Buss One,single,1.0,spotify_playlist_api,Voltage - Buss One,https://open.spotify.com/track/35KkOvwhqhdnKfYXQq52aw,Spotify Playlist,2026-07-30,https://open.spotify.com/track/35KkOvwhqhdnKfYXQq52aw,True
JOA,Don't Wake Us Up,single,1.0,spotify_playlist_api,JOA - Don't Wake Us Up,https://open.spotify.com/track/59jjqs4Qv8rDTIcAUyBW2b,Spotify Playlist,2026-07-31,https://open.spotify.com/track/59jjqs4Qv8rDTIcAUyBW2b,True
KamJam,Too Close,single,1.0,spotify_playlist_api,KamJam - Too Close,https://open.spotify.com/track/2Z9Fm0vVSS80R0YokOybdk,Spotify Playlist,2026-07-31,https://open.spotify.com/track/2Z9Fm0vVSS80R0YokOybdk,True
BKAY,Grateful,single,1.0,spotify_playlist_api,BKAY - Grateful,https://open.spotify.com/track/0mo7VS1NepRxRAyKlmQez7,Spotify Playlist,2026-07-31,https://open.spotify.com/track/0mo7VS1NepRxRAyKlmQez7,True
Simon Dekkers,Inside Your Heart,single,1.0,spotify_playlist_api,Simon Dekkers - Inside Your Heart,https://open.spotify.com/track/6eWz0ivhgGGxnp7ED7n7Ov,Spotify Playlist,2026-07-24,https://open.spotify.com/track/6eWz0ivhgGGxnp7ED7n7Ov,True
Mindblow,Sex & Love,single,1.0,spotify_playlist_api,Mindblow - Sex & Love,https://open.spotify.com/track/3wKAdIV4KfwTapmS4EsWRm,Spotify Playlist,2026-07-24,https://open.spotify.com/track/3wKAdIV4KfwTapmS4EsWRm,True
Joseph Capriati,Ananda,single,1.0,spotify_playlist_api,Joseph Capriati - Ananda,https://open.spotify.com/track/4OgesRizuZuES11S4oMmCp,Spotify Playlist,2024-06-13,https://open.spotify.com/track/4OgesRizuZuES11S4oMmCp,True
Makoom,Breathe,single,1.0,spotify_playlist_api,Makoom - Breathe,https://open.spotify.com/track/78DRNAtPX2hGxUrzq8o3y3,Spotify Playlist,2026-07-24,https://open.spotify.com/track/78DRNAtPX2hGxUrzq8o3y3,True
Kvarmez,Call of the Sirens,single,1.0,spotify_playlist_api,Kvarmez - Call of the Sirens,https://open.spotify.com/track/4R3VbXzD0wlmkOosarh83Z,Spotify Playlist,2026-07-23,https://open.spotify.com/track/4R3VbXzD0wlmkOosarh83Z,True
nilsix,Chill Bill,single,1.0,spotify_playlist_api,nilsix - Chill Bill,https://open.spotify.com/track/5Jta03oO49e6PaDipMz4DU,Spotify Playlist,2026-07-31,https://open.spotify.com/track/5Jta03oO49e6PaDipMz4DU,True
YDG,CRASH OUT,single,1.0,spotify_playlist_api,YDG - CRASH OUT,https://open.spotify.com/track/659fLEncISLHImCs2IkqO2,Spotify Playlist,2026-07-29,https://open.spotify.com/track/659fLEncISLHImCs2IkqO2,True
Pierre Pienaar,For Eternity,single,1.0,spotify_playlist_api,Pierre Pienaar - For Eternity,https://open.spotify.com/track/1HMjL90kLwS1D0Ac7LMkcC,Spotify Playlist,2026-07-10,https://open.spotify.com/track/1HMjL90kLwS1D0Ac7LMkcC,True
Zuffo,G0,single,1.0,spotify_playlist_api,Zuffo - G0,https://open.spotify.com/track/1XJ8aKhIHPwJdsV3PB1wMh,Spotify Playlist,2026-07-10,https://open.spotify.com/track/1XJ8aKhIHPwJdsV3PB1wMh,True
Statik Lee,Got The Moves - Edit,single,1.0,spotify_playlist_api,Statik Lee - Got The Moves - Edit,https://open.spotify.com/track/7HBTNJYqXMHdW0iKQEWavZ,Spotify Playlist,2026-07-24,https://open.spotify.com/track/7HBTNJYqXMHdW0iKQEWavZ,True
Audien,High Hopes - Steerner Remix,single,1.0,spotify_playlist_api,Audien - High Hopes - Steerner Remix,https://open.spotify.com/track/1O4vZUfrS0HdkoqQXZFkTm,Spotify Playlist,2026-07-29,https://open.spotify.com/track/1O4vZUfrS0HdkoqQXZFkTm,True
Jay Hardway,I Wanna Be,single,1.0,spotify_playlist_api,Jay Hardway - I Wanna Be,https://open.spotify.com/track/2Hlq3BOPSuj8nBoTbRH4Nw,Spotify Playlist,2026-07-31,https://open.spotify.com/track/2Hlq3BOPSuj8nBoTbRH4Nw,True
Amrita (FR),La Paloma,single,1.0,spotify_playlist_api,Amrita (FR) - La Paloma,https://open.spotify.com/track/6RU47PQwX2jkNEBkx1uR2p,Spotify Playlist,2026-07-24,https://open.spotify.com/track/6RU47PQwX2jkNEBkx1uR2p,True
Sound Rush,LOVE,single,1.0,spotify_playlist_api,Sound Rush - LOVE,https://open.spotify.com/track/3d7KC5jopAvfw71ixv79Oj,Spotify Playlist,2026-07-30,https://open.spotify.com/track/3d7KC5jopAvfw71ixv79Oj,True
Dosem,Morning Runner,single,1.0,spotify_playlist_api,Dosem - Morning Runner,https://open.spotify.com/track/3TzdAptrboz9BXmJrd1hKk,Spotify Playlist,2026-07-28,https://open.spotify.com/track/3TzdAptrboz9BXmJrd1hKk,True
Avis Vox,Nebula,single,1.0,spotify_playlist_api,Avis Vox - Nebula,https://open.spotify.com/track/0Iw0El8InJJ0UUK6BAozHV,Spotify Playlist,2026-07-24,https://open.spotify.com/track/0Iw0El8InJJ0UUK6BAozHV,True
Julian Gray,Silver & Polished,single,1.0,spotify_playlist_api,Julian Gray - Silver & Polished,https://open.spotify.com/track/0MjF5cZ8OKVc5Wo2Mvh0xD,Spotify Playlist,2026-07-31,https://open.spotify.com/track/0MjF5cZ8OKVc5Wo2Mvh0xD,True
RayRay,The Pill,single,1.0,spotify_playlist_api,RayRay - The Pill,https://open.spotify.com/track/41WGPmNjMPu2oc4I4yWbUc,Spotify Playlist,2026-07-31,https://open.spotify.com/track/41WGPmNjMPu2oc4I4yWbUc,True
Robbie Rivera,Puerto Rico Groove,single,1.0,spotify_playlist_api,Robbie Rivera - Puerto Rico Groove,https://open.spotify.com/track/5vU72JnclXPdmPjuokzMfj,Spotify Playlist,2026-07-31,https://open.spotify.com/track/5vU72JnclXPdmPjuokzMfj,True
Pyar,Rock To This Beat,single,1.0,spotify_playlist_api,Pyar - Rock To This Beat,https://open.spotify.com/track/02jwhPGA19INwfVYEc9T2z,Spotify Playlist,2026-07-24,https://open.spotify.com/track/02jwhPGA19INwfVYEc9T2z,True
Milo Passier,Love Fantasy,single,1.0,spotify_playlist_api,Milo Passier - Love Fantasy,https://open.spotify.com/track/5dEFG0prwkwZ9qyPFlNi6x,Spotify Playlist,2026-07-10,https://open.spotify.com/track/5dEFG0prwkwZ9qyPFlNi6x,True
Sullivan King,Rumble,single,1.0,spotify_playlist_api,Sullivan King - Rumble,https://open.spotify.com/track/4ejAxzq1HNPfQAUf2QUgxz,Spotify Playlist,2026-07-31,https://open.spotify.com/track/4ejAxzq1HNPfQAUf2QUgxz,True
Ilan Bluestone,Save A Prayer,single,1.0,spotify_playlist_api,Ilan Bluestone - Save A Prayer,https://open.spotify.com/track/1famenh54IqvXLqw9JtljX,Spotify Playlist,2026-07-31,https://open.spotify.com/track/1famenh54IqvXLqw9JtljX,True
PNAU,Serotonin,album,1.0,spotify_playlist_api,PNAU - Serotonin,https://open.spotify.com/track/3OVrWStc5JvH8ws4bV90Sa,Spotify Playlist,2026-07-31,https://open.spotify.com/track/3OVrWStc5JvH8ws4bV90Sa,True
PLEZUR,SEX PILL$ DOLLAR BILL$,single,1.0,spotify_playlist_api,PLEZUR - SEX PILL$ DOLLAR BILL$,https://open.spotify.com/track/4j92veZgQueb5VZK2Zk075,Spotify Playlist,2026-07-03,https://open.spotify.com/track/4j92veZgQueb5VZK2Zk075,True
eta,Smash Chick,single,1.0,spotify_playlist_api,eta - Smash Chick,https://open.spotify.com/track/2Wu0SaCGEmQne7A2ul3cBn,Spotify Playlist,2026-07-24,https://open.spotify.com/track/2Wu0SaCGEmQne7A2ul3cBn,True
JKRS,Riverside,single,1.0,spotify_playlist_api,JKRS - Riverside,https://open.spotify.com/track/4A6drK3wovFY65W6euCzA3,Spotify Playlist,2026-07-24,https://open.spotify.com/track/4A6drK3wovFY65W6euCzA3,True
artcriminal,Stereo Love,single,1.0,spotify_playlist_api,artcriminal - Stereo Love,https://open.spotify.com/track/5Rm3C0lKb5zt3vTJztfrcC,Spotify Playlist,2026-07-22,https://open.spotify.com/track/5Rm3C0lKb5zt3vTJztfrcC,True
Mike Williams,The System,single,1.0,spotify_playlist_api,Mike Williams - The System,https://open.spotify.com/track/1BxS1s7yzTi8RVOQKGASQ6,Spotify Playlist,2026-07-31,https://open.spotify.com/track/1BxS1s7yzTi8RVOQKGASQ6,True
Dyro,Unstoppable,single,1.0,spotify_playlist_api,Dyro - Unstoppable,https://open.spotify.com/track/1mbxcxfklTT0S2r4xcOKgH,Spotify Playlist,2026-07-31,https://open.spotify.com/track/1mbxcxfklTT0S2r4xcOKgH,True
Felguk,Vai,single,1.0,spotify_playlist_api,Felguk - Vai,https://open.spotify.com/track/5oZm10kAc0uymv7WVqHHwy,Spotify Playlist,2026-07-31,https://open.spotify.com/track/5oZm10kAc0uymv7WVqHHwy,True
Nanamori-Chu☆Goraku-Bu,Yes! Yuyuyu Yuruyuri - TOKYO MACHINE remix,album,1.0,spotify_playlist_api,Nanamori-Chu☆Goraku-Bu - Yes! Yuyuyu Yuruyuri - TOKYO MACHINE remix,https://open.spotify.com/track/2GE6H4sX5tM7hXCaNCDKfw,Spotify Playlist,2026-07-29,https://open.spotify.com/track/2GE6H4sX5tM7hXCaNCDKfw,True
Mhammed El Alami,Hold Me Now,single,1.0,spotify_playlist_api,Mhammed El Alami - Hold Me Now,https://open.spotify.com/track/1ApCbtzd67e1RC417Bt33w,Spotify Playlist,2026-07-31,https://open.spotify.com/track/1ApCbtzd67e1RC417Bt33w,True
Ben Hims,Can I Have It Like That,single,1.0,spotify_playlist_api,Ben Hims - Can I Have It Like That,https://open.spotify.com/track/4rdhy4UAiowaK6E8uzQ4R4,Spotify Playlist,2026-07-31,https://open.spotify.com/track/4rdhy4UAiowaK6E8uzQ4R4,True
Rino Esposito,Better Place,single,1.0,spotify_playlist_api,Rino Esposito - Better Place,https://open.spotify.com/track/7xzIlU9yTBTjyZrhBMEHuW,Spotify Playlist,2026-07-24,https://open.spotify.com/track/7xzIlU9yTBTjyZrhBMEHuW,True
DJWave,Keep On,single,1.0,spotify_playlist_api,DJWave - Keep On,https://open.spotify.com/track/2Z9YGMR8gZnaYE4WG7xKHP,Spotify Playlist,2026-07-17,https://open.spotify.com/track/2Z9YGMR8gZnaYE4WG7xKHP,True
Richard Durand,Sunrise,single,1.0,spotify_playlist_api,Richard Durand - Sunrise,https://open.spotify.com/track/0FDYNcfxvIUcmNKay1pl9m,Spotify Playlist,2026-07-31,https://open.spotify.com/track/0FDYNcfxvIUcmNKay1pl9m,True
MY&FRIENDS,LALA,single,1.0,spotify_playlist_api,MY&FRIENDS - LALA,https://open.spotify.com/track/4AgNDBLDMQOWkR9mlBnzsN,Spotify Playlist,2026-07-31,https://open.spotify.com/track/4AgNDBLDMQOWkR9mlBnzsN,True
Andrea Casta,Fragments,single,1.0,spotify_playlist_api,Andrea Casta - Fragments,https://open.spotify.com/track/01F2sJ9ZbJVvzZCMjjc4A0,Spotify Playlist,2026-07-10,https://open.spotify.com/track/01F2sJ9ZbJVvzZCMjjc4A0,True
Rene Rodrigezz,Bad Boys,single,1.0,spotify_playlist_api,Rene Rodrigezz - Bad Boys,https://open.spotify.com/track/4NZ6qoTngZWJgW2QPEM1Qa,Spotify Playlist,2026-07-31,https://open.spotify.com/track/4NZ6qoTngZWJgW2QPEM1Qa,True
Ghetto Birds,ELEVATE,single,1.0,spotify_playlist_api,Ghetto Birds - ELEVATE,https://open.spotify.com/track/4cYJECcqVA6xpDFvxDAovd,Spotify Playlist,2026-07-17,https://open.spotify.com/track/4cYJECcqVA6xpDFvxDAovd,True
John O'Callaghan,Signs - Lostly Remix,single,1.0,spotify_playlist_api,John O'Callaghan - Signs - Lostly Remix,https://open.spotify.com/track/2d4RRJDWNN9ee8xMODsVG9,Spotify Playlist,2026-07-31,https://open.spotify.com/track/2d4RRJDWNN9ee8xMODsVG9,True
Melsen,High On You,single,1.0,spotify_playlist_api,Melsen - High On You,https://open.spotify.com/track/7qdcgDi9AtwpTxUtelal11,Spotify Playlist,2026-07-31,https://open.spotify.com/track/7qdcgDi9AtwpTxUtelal11,True
Bad JuJu,Feet Don't Touch The Ground,single,1.0,spotify_playlist_api,Bad JuJu - Feet Don't Touch The Ground,https://open.spotify.com/track/0CUR0jDJShXXThTh0mAKsz,Spotify Playlist,2026-07-31,https://open.spotify.com/track/0CUR0jDJShXXThTh0mAKsz,True
DJ-12,Loved To Be,single,1.0,spotify_playlist_api,DJ-12 - Loved To Be,https://open.spotify.com/track/1okRsfaVZywsZZKM5zBwZr,Spotify Playlist,2026-07-31,https://open.spotify.com/track/1okRsfaVZywsZZKM5zBwZr,True
Moses,Shameless,single,1.0,spotify_playlist_api,Moses - Shameless,https://open.spotify.com/track/4HVfqyf8xSU7S2nNWph4sN,Spotify Playlist,2026-07-31,https://open.spotify.com/track/4HVfqyf8xSU7S2nNWph4sN,True
GAIA,Status Excessu D (The Official A State Of Trance 500 Anthem) - Bouras Remix,single,1.0,spotify_playlist_api,GAIA - Status Excessu D (The Official A State Of Trance 500 Anthem) - Bouras Remix,https://open.spotify.com/track/4EqRjHsx2c0HdJ0WbllikQ,Spotify Playlist,2026-07-31,https://open.spotify.com/track/4EqRjHsx2c0HdJ0WbllikQ,True
Last Heroes,Into The Sun,single,1.0,spotify_playlist_api,Last Heroes - Into The Sun,https://open.spotify.com/track/1beEZgKs4ieHIlB4TTGh5G,Spotify Playlist,2026-07-31,https://open.spotify.com/track/1beEZgKs4ieHIlB4TTGh5G,True
Hakan Akkus,Tribal Flex,single,1.0,spotify_playlist_api,Hakan Akkus - Tribal Flex,https://open.spotify.com/track/6IeAVRYmV5fdiqWySLkckg,Spotify Playlist,2026-07-31,https://open.spotify.com/track/6IeAVRYmV5fdiqWySLkckg,True
Eco,Solo,single,1.0,spotify_playlist_api,Eco - Solo,https://open.spotify.com/track/6dQ6tJt92rHPsa3VOClTJG,Spotify Playlist,2026-07-31,https://open.spotify.com/track/6dQ6tJt92rHPsa3VOClTJG,True
Sonority,Lose You,EP,1.0,spotify_playlist_api,Sonority - Lose You,https://open.spotify.com/track/1IdZ0d7vgwEEX3nIDyw4fM,Spotify Playlist,2026-07-31,https://open.spotify.com/track/1IdZ0d7vgwEEX3nIDyw4fM,True
AXMO,Hooligan,single,1.0,spotify_playlist_api,AXMO - Hooligan,https://open.spotify.com/track/5C219vH6DXbIPAOrEC1Zj7,Spotify Playlist,2026-07-31,https://open.spotify.com/track/5C219vH6DXbIPAOrEC1Zj7,True
Niall McKeever,Horizon,single,1.0,spotify_playlist_api,Niall McKeever - Horizon,https://open.spotify.com/track/1CnjtjQj1aArEInYy89vG2,Spotify Playlist,2026-07-31,https://open.spotify.com/track/1CnjtjQj1aArEInYy89vG2,True
Jardin Owens,1991,single,1.0,spotify_playlist_api,Jardin Owens - 1991,https://open.spotify.com/track/2wOqOT2IYnSFaSjN0e8WUZ,Spotify Playlist,2026-07-31,https://open.spotify.com/track/2wOqOT2IYnSFaSjN0e8WUZ,True
LO'99,Susucaru,single,1.0,spotify_playlist_api,LO'99 - Susucaru,https://open.spotify.com/track/6TI4VLZPROSqXEaQ3lx0WC,Spotify Playlist,2026-07-31,https://open.spotify.com/track/6TI4VLZPROSqXEaQ3lx0WC,True
LTN,Blur Out,single,1.0,spotify_playlist_api,LTN - Blur Out,https://open.spotify.com/track/1fI12dRMhnocpxxLZcfXTq,Spotify Playlist,2026-07-31,https://open.spotify.com/track/1fI12dRMhnocpxxLZcfXTq,True
Luca Testa,Unbreakable (feat. Nathan Conway),single,1.0,spotify_playlist_api,Luca Testa - Unbreakable (feat. Nathan Conway),https://open.spotify.com/track/0mgJCnoKRt6QTRdSdyUpEk,Spotify Playlist,2026-07-31,https://open.spotify.com/track/0mgJCnoKRt6QTRdSdyUpEk,True
Matt Fax,Oddity,EP,1.0,spotify_playlist_api,Matt Fax - Oddity,https://open.spotify.com/track/0QzHe4XPhMkagSqXDqcftb,Spotify Playlist,2026-07-31,https://open.spotify.com/track/0QzHe4XPhMkagSqXDqcftb,True
Nick Havsen,Rave Nation,single,1.0,spotify_playlist_api,Nick Havsen - Rave Nation,https://open.spotify.com/track/5G5H3kdvHzsJEfw58LLVmt,Spotify Playlist,2026-07-31,https://open.spotify.com/track/5G5H3kdvHzsJEfw58LLVmt,True
NURKO,Back Home,album,1.0,spotify_playlist_api,NURKO - Back Home,https://open.spotify.com/track/46JniFZiUJirsqL8VogClI,Spotify Playlist,2026-07-31,https://open.spotify.com/track/46JniFZiUJirsqL8VogClI,True
Orkidea,Beautiful - Bryan Kearney Rework,single,1.0,spotify_playlist_api,Orkidea - Beautiful - Bryan Kearney Rework,https://open.spotify.com/track/0ZUmpP5xUf31385mucoiVC,Spotify Playlist,2026-07-31,https://open.spotify.com/track/0ZUmpP5xUf31385mucoiVC,True
RetroVision,You Get Me All The Time,single,1.0,spotify_playlist_api,RetroVision - You Get Me All The Time,https://open.spotify.com/track/5qtyuUjIcY5nLjaU5cgFgu,Spotify Playlist,2026-07-30,https://open.spotify.com/track/5qtyuUjIcY5nLjaU5cgFgu,True
Talla 2XLC,To The Moon And Back (White Wolf Infinity Anthem),single,1.0,spotify_playlist_api,Talla 2XLC - To The Moon And Back (White Wolf Infinity Anthem),https://open.spotify.com/track/2nBXiXPwhLabaG7dXxLItl,Spotify Playlist,2026-07-31,https://open.spotify.com/track/2nBXiXPwhLabaG7dXxLItl,True
Teenage Mutants,Conflicted Mind - Extended Mix,single,1.0,spotify_playlist_api,Teenage Mutants - Conflicted Mind - Extended Mix,https://open.spotify.com/track/513p40Y6SuuKwXwf71k859,Spotify Playlist,2026-07-31,https://open.spotify.com/track/513p40Y6SuuKwXwf71k859,True
PRAANA,Smoke Signals (Afterglow),album,1.0,spotify_playlist_api,PRAANA - Smoke Signals (Afterglow),https://open.spotify.com/track/1ob7YPwzzf4OKd4yxCBAhQ,Spotify Playlist,2026-07-29,https://open.spotify.com/track/1ob7YPwzzf4OKd4yxCBAhQ,True
Lost Frequencies,Live It All,single,1.0,spotify_playlist_api,Lost Frequencies - Live It All,https://open.spotify.com/track/3fmQLmDfZAhrUhJxP4qvdK,Spotify Playlist,2026-06-05,https://open.spotify.com/track/3fmQLmDfZAhrUhJxP4qvdK,True
The Chainsmokers,Already Know,single,1.0,spotify_playlist_api,The Chainsmokers - Already Know,https://open.spotify.com/track/4fYhGMu338Ypi1e2g27E2Y,Spotify Playlist,2026-04-24,https://open.spotify.com/track/4fYhGMu338Ypi1e2g27E2Y,True
ALTÉGO,CALL ME,single,1.0,spotify_playlist_api,ALTÉGO - CALL ME,https://open.spotify.com/track/5UwOGv6gUgqxD1VCXMGwno,Spotify Playlist,2026-03-13,https://open.spotify.com/track/5UwOGv6gUgqxD1VCXMGwno,True
Kygo,Save My Love,single,1.0,spotify_playlist_api,Kygo - Save My Love,https://open.spotify.com/track/5ObyGDxNWH0Uuuk3NvC5r8,Spotify Playlist,2026-02-20,https://open.spotify.com/track/5ObyGDxNWH0Uuuk3NvC5r8,True
Milky,Just The Way You Are,single,1.0,spotify_playlist_api,Milky - Just The Way You Are,https://open.spotify.com/track/1LepWHpwtahzEQL0vNjpEt,Spotify Playlist,2026-01-30,https://open.spotify.com/track/1LepWHpwtahzEQL0vNjpEt,True
Alok,Club Bizarre,single,1.0,spotify_playlist_api,Alok - Club Bizarre,https://open.spotify.com/track/2hhDb4rGCJTigdadpRL30x,Spotify Playlist,2026-01-30,https://open.spotify.com/track/2hhDb4rGCJTigdadpRL30x,True
Switch Disco,Brazil - Remix,single,1.0,spotify_playlist_api,Switch Disco - Brazil - Remix,https://open.spotify.com/track/5nXZy0eMfjapdgXc3GPi22,Spotify Playlist,2026-01-30,https://open.spotify.com/track/5nXZy0eMfjapdgXc3GPi22,True
Lost Frequencies,Listen To Me,single,1.0,spotify_playlist_api,Lost Frequencies - Listen To Me,https://open.spotify.com/track/3fPXv60Pp9jLGYrjd1RoNd,Spotify Playlist,2025-12-31,https://open.spotify.com/track/3fPXv60Pp9jLGYrjd1RoNd,True
RAYE,WHERE IS MY HUSBAND! - Remix,single,1.0,spotify_playlist_api,RAYE - WHERE IS MY HUSBAND! - Remix,https://open.spotify.com/track/0vYSTV1Lye2Z2zktF6P39C,Spotify Playlist,2025-11-14,https://open.spotify.com/track/0vYSTV1Lye2Z2zktF6P39C,True
Sigala,Hello,single,1.0,spotify_playlist_api,Sigala - Hello,https://open.spotify.com/track/15aqhgN9LLd7TvuF367e57,Spotify Playlist,2025-10-03,https://open.spotify.com/track/15aqhgN9LLd7TvuF367e57,True
cassö,Guestlist (feat. SACHA),single,1.0,spotify_playlist_api,cassö - Guestlist (feat. SACHA),https://open.spotify.com/track/0MS7sUW9VxvXjuDg9VZZIS,Spotify Playlist,2025-09-26,https://open.spotify.com/track/0MS7sUW9VxvXjuDg9VZZIS,True
The Chainsmokers,Smooth,single,1.0,spotify_playlist_api,The Chainsmokers - Smooth,https://open.spotify.com/track/58QPfkhEGLkZeqXwZkcNv5,Spotify Playlist,2025-09-19,https://open.spotify.com/track/58QPfkhEGLkZeqXwZkcNv5,True
Switch Disco,HIDEAWAY,single,1.0,spotify_playlist_api,Switch Disco - HIDEAWAY,https://open.spotify.com/track/3Cju4hxTTHvFkb7OcLIk3f,Spotify Playlist,2025-06-06,https://open.spotify.com/track/3Cju4hxTTHvFkb7OcLIk3f,True
3DAH!,Higher,single,1.0,spotify_playlist_api,3DAH! - Higher,https://open.spotify.com/track/4LlLE3ppbDNu9qfbeaohS5,Spotify Playlist,2025-06-20,https://open.spotify.com/track/4LlLE3ppbDNu9qfbeaohS5,True
Oliver Heldens,Ruins,single,1.0,spotify_playlist_api,Oliver Heldens - Ruins,https://open.spotify.com/track/4jfB2EGWbtWzDoM696Ch6u,Spotify Playlist,2025-05-30,https://open.spotify.com/track/4jfB2EGWbtWzDoM696Ch6u,True
Calvin Harris,Blessings,single,1.0,spotify_playlist_api,Calvin Harris - Blessings,https://open.spotify.com/track/78nx0HDJIFD5xDq2L5420Z,Spotify Playlist,2025-05-09,https://open.spotify.com/track/78nx0HDJIFD5xDq2L5420Z,True
David Guetta,The Final Countdown 2025,single,1.0,spotify_playlist_api,David Guetta - The Final Countdown 2025,https://open.spotify.com/track/21bk4m2BIbuHZ6GKiPqFsG,Spotify Playlist,2025-05-09,https://open.spotify.com/track/21bk4m2BIbuHZ6GKiPqFsG,True
Martin Jensen,Say No More,single,1.0,spotify_playlist_api,Martin Jensen - Say No More,https://open.spotify.com/track/7vjiUeg6QyUXtEsLiGnvGI,Spotify Playlist,2025-04-18,https://open.spotify.com/track/7vjiUeg6QyUXtEsLiGnvGI,True
felix jaehn,It's Not Right But It's Okay,single,1.0,spotify_playlist_api,felix jaehn - It's Not Right But It's Okay,https://open.spotify.com/track/1MTCiRbvPK93YY6LNIeEbc,Spotify Playlist,2025-03-14,https://open.spotify.com/track/1MTCiRbvPK93YY6LNIeEbc,True
Marlon Hoffstadt,One Night Of Love,single,1.0,spotify_playlist_api,Marlon Hoffstadt - One Night Of Love,https://open.spotify.com/track/0yKN9B3jYONUyvqrGkNUPX,Spotify Playlist,2025-03-07,https://open.spotify.com/track/0yKN9B3jYONUyvqrGkNUPX,True
Julie Bergan,Dance All Night,EP,1.0,spotify_playlist_api,Julie Bergan - Dance All Night,https://open.spotify.com/track/4g9HX5pBd1CHk4oq7vM9B0,Spotify Playlist,2025-02-21,https://open.spotify.com/track/4g9HX5pBd1CHk4oq7vM9B0,True
Lost Frequencies,Kick The Nation,single,1.0,spotify_playlist_api,Lost Frequencies - Kick The Nation,https://open.spotify.com/track/3v6DpJeMAIwx1IXBvfCj9K,Spotify Playlist,2024-12-27,https://open.spotify.com/track/3v6DpJeMAIwx1IXBvfCj9K,True
Martin Jensen,No Sleep,single,1.0,spotify_playlist_api,Martin Jensen - No Sleep,https://open.spotify.com/track/443RubbLVv9lyo6DS9iW8W,Spotify Playlist,2024-11-15,https://open.spotify.com/track/443RubbLVv9lyo6DS9iW8W,True
Lost Frequencies,Love Is The Only Thing,single,1.0,spotify_playlist_api,Lost Frequencies - Love Is The Only Thing,https://open.spotify.com/track/4r6c2ClnuYLwNv4lEM7XlW,Spotify Playlist,2024-11-08,https://open.spotify.com/track/4r6c2ClnuYLwNv4lEM7XlW,True
Fahlberg,Messing Around,single,1.0,spotify_playlist_api,Fahlberg - Messing Around,https://open.spotify.com/track/5eODH1hkwWm0Zy1l0DjDTD,Spotify Playlist,2024-10-25,https://open.spotify.com/track/5eODH1hkwWm0Zy1l0DjDTD,True
Kid Kobe,Feel Something,single,1.0,spotify_playlist_api,Kid Kobe - Feel Something,https://open.spotify.com/track/3sjFCBkZjPW0xwU6UuPwT6,Spotify Playlist,2024-10-18,https://open.spotify.com/track/3sjFCBkZjPW0xwU6UuPwT6,True
Kygo,Stars Will Align,single,1.0,spotify_playlist_api,Kygo - Stars Will Align,https://open.spotify.com/track/5REMa10O4aA2mLtYyflWxs,Spotify Playlist,2024-09-27,https://open.spotify.com/track/5REMa10O4aA2mLtYyflWxs,True
Oliver Heldens,SHINE,single,1.0,spotify_playlist_api,Oliver Heldens - SHINE,https://open.spotify.com/track/1vioIZPEbKDasDXRu8c11E,Spotify Playlist,2024-10-04,https://open.spotify.com/track/1vioIZPEbKDasDXRu8c11E,True
Sam Feldt,Heart Like Mine (feat. Rosa Linn),single,1.0,spotify_playlist_api,Sam Feldt - Heart Like Mine (feat. Rosa Linn),https://open.spotify.com/track/4xqekuN4lfu6MBeWov0Icl,Spotify Playlist,2024-09-13,https://open.spotify.com/track/4xqekuN4lfu6MBeWov0Icl,True
Switch Disco,I FOUND YOU,single,1.0,spotify_playlist_api,Switch Disco - I FOUND YOU,https://open.spotify.com/track/06EtCEDJ762K9frHeSkJS5,Spotify Playlist,2024-09-13,https://open.spotify.com/track/06EtCEDJ762K9frHeSkJS5,True
Maffio,Fiesta En La Ciudad (feat. KRZ & Diana Landa),single,1.0,spotify_playlist_api,Maffio - Fiesta En La Ciudad (feat. KRZ & Diana Landa),https://open.spotify.com/track/1Gu7K4GKdUdfkVewxeKHhl,Spotify Playlist,2024-09-19,https://open.spotify.com/track/1Gu7K4GKdUdfkVewxeKHhl,True
Alok,The Heat,single,1.0,spotify_playlist_api,Alok - The Heat,https://open.spotify.com/track/48dpaw8uNJOaOQqh4tuk7p,Spotify Playlist,2024-09-06,https://open.spotify.com/track/48dpaw8uNJOaOQqh4tuk7p,True
ZAP,Them Days,single,1.0,spotify_playlist_api,ZAP - Them Days,https://open.spotify.com/track/0TsQZAv0M78wnNbpOqB55I,Spotify Playlist,2024-08-23,https://open.spotify.com/track/0TsQZAv0M78wnNbpOqB55I,True
Calvin Harris,Free (with Ellie Goulding),album,1.0,spotify_playlist_api,Calvin Harris - Free (with Ellie Goulding),https://open.spotify.com/track/6RcMkoRbHc6HnMHngvY2Vs,Spotify Playlist,2024-08-09,https://open.spotify.com/track/6RcMkoRbHc6HnMHngvY2Vs,True
Vibey Squares,Get Away,single,1.0,spotify_playlist_api,Vibey Squares - Get Away,https://open.spotify.com/track/1Y735sM0snvW5bPFHRNgum,Spotify Playlist,2024-08-16,https://open.spotify.com/track/1Y735sM0snvW5bPFHRNgum,True
W&W,Axel F (Take It To The Floor) (with Gabry Ponte),single,1.0,spotify_playlist_api,W&W - Axel F (Take It To The Floor) (with Gabry Ponte),https://open.spotify.com/track/69akic9gR26niltxBY8pFm,Spotify Playlist,2024-07-26,https://open.spotify.com/track/69akic9gR26niltxBY8pFm,True
Raaban,ICONIC,single,1.0,spotify_playlist_api,Raaban - ICONIC,https://open.spotify.com/track/1XtPkwEPrZkUt4vVOtHK3i,Spotify Playlist,2024-08-02,https://open.spotify.com/track/1XtPkwEPrZkUt4vVOtHK3i,True
Disciples,If I Stay,single,1.0,spotify_playlist_api,Disciples - If I Stay,https://open.spotify.com/track/3bjL4dOZv3rXciUCcNknow,Spotify Playlist,2024-08-01,https://open.spotify.com/track/3bjL4dOZv3rXciUCcNknow,True
Good Vibe Delivery,Know Your Heart,single,1.0,spotify_playlist_api,Good Vibe Delivery - Know Your Heart,https://open.spotify.com/track/2rKl6rEDn8Himv4PEogSzT,Spotify Playlist,2024-08-02,https://open.spotify.com/track/2rKl6rEDn8Himv4PEogSzT,True
Kids Of Revolution,Alive,single,1.0,spotify_playlist_api,Kids Of Revolution - Alive,https://open.spotify.com/track/4cieFd2tNwUCS4aTBiO7cS,Spotify Playlist,2024-08-02,https://open.spotify.com/track/4cieFd2tNwUCS4aTBiO7cS,True
Sigala,It's A Feeling,single,1.0,spotify_playlist_api,Sigala - It's A Feeling,https://open.spotify.com/track/3py9E6Yll3JY9VKQEaZzP8,Spotify Playlist,2024-07-05,https://open.spotify.com/track/3py9E6Yll3JY9VKQEaZzP8,True
Kid Kobe,ME&U,single,1.0,spotify_playlist_api,Kid Kobe - ME&U,https://open.spotify.com/track/5QxqDKEjiUeZqpYgjbKgNv,Spotify Playlist,2024-07-05,https://open.spotify.com/track/5QxqDKEjiUeZqpYgjbKgNv,True
Alok,Summer's Back,single,1.0,spotify_playlist_api,Alok - Summer's Back,https://open.spotify.com/track/4lbBiqC2alVR4ooruZSe0o,Spotify Playlist,2024-06-21,https://open.spotify.com/track/4lbBiqC2alVR4ooruZSe0o,True
IZKO,Sun is Up (feat. Ima Sobé),single,1.0,spotify_playlist_api,IZKO - Sun is Up (feat. Ima Sobé),https://open.spotify.com/track/1XfntmFyQe6nFEMsOYmesk,Spotify Playlist,2024-06-21,https://open.spotify.com/track/1XfntmFyQe6nFEMsOYmesk,True
Kygo,Me Before You,album,1.0,spotify_playlist_api,Kygo - Me Before You,https://open.spotify.com/track/3zLIKAkrLLwzNe4RsD5EBC,Spotify Playlist,2024-06-21,https://open.spotify.com/track/3zLIKAkrLLwzNe4RsD5EBC,True
Good Vibe Delivery,Get Back,single,1.0,spotify_playlist_api,Good Vibe Delivery - Get Back,https://open.spotify.com/track/30J5Ke1tGpT743hxR4Gur0,Spotify Playlist,2024-07-05,https://open.spotify.com/track/30J5Ke1tGpT743hxR4Gur0,True
Vibey Squares,Dance Tonight,single,1.0,spotify_playlist_api,Vibey Squares - Dance Tonight,https://open.spotify.com/track/1Be6fXFFirXxCpTQyxrSkH,Spotify Playlist,2024-06-14,https://open.spotify.com/track/1Be6fXFFirXxCpTQyxrSkH,True
Kygo,Without You (with HAYLA),album,1.0,spotify_playlist_api,Kygo - Without You (with HAYLA),https://open.spotify.com/track/6L9UuUMs32tHkwPufnmZee,Spotify Playlist,2024-06-21,https://open.spotify.com/track/6L9UuUMs32tHkwPufnmZee,True
Haze & Mellow,Under The Sun,single,1.0,spotify_playlist_api,Haze & Mellow - Under The Sun,https://open.spotify.com/track/5q8CrNOf30rGoi0Cl7jR17,Spotify Playlist,2024-06-07,https://open.spotify.com/track/5q8CrNOf30rGoi0Cl7jR17,True
Martin Mix,You Got The Love,single,1.0,spotify_playlist_api,Martin Mix - You Got The Love,https://open.spotify.com/track/73DTUyzPGqjLDsLfwisgOU,Spotify Playlist,2024-05-31,https://open.spotify.com/track/73DTUyzPGqjLDsLfwisgOU,True
TEN TIMES,The Other Side,single,1.0,spotify_playlist_api,TEN TIMES - The Other Side,https://open.spotify.com/track/42jJvayBag9TLt7O9OsAIe,Spotify Playlist,2024-05-17,https://open.spotify.com/track/42jJvayBag9TLt7O9OsAIe,True
Cookies & Cream,Heaven,single,1.0,spotify_playlist_api,Cookies & Cream - Heaven,https://open.spotify.com/track/6tNXJSZ1VRjhih5h2285J4,Spotify Playlist,2024-05-24,https://open.spotify.com/track/6tNXJSZ1VRjhih5h2285J4,True
Good Vibe Delivery,Great Escape,single,1.0,spotify_playlist_api,Good Vibe Delivery - Great Escape,https://open.spotify.com/track/5kRZ78omccveQIa6Xg7OSA,Spotify Playlist,2024-05-10,https://open.spotify.com/track/5kRZ78omccveQIa6Xg7OSA,True
Frank Walker,Youngblood (feat. Josh Breaks),single,1.0,spotify_playlist_api,Frank Walker - Youngblood (feat. Josh Breaks),https://open.spotify.com/track/1FgMrAXjFDiTYf9uzoFYLg,Spotify Playlist,2024-05-10,https://open.spotify.com/track/1FgMrAXjFDiTYf9uzoFYLg,True
Cookies & Cream,Lose My Love,single,1.0,spotify_playlist_api,Cookies & Cream - Lose My Love,https://open.spotify.com/track/5obkgqVuxGlPL7oRNkte4H,Spotify Playlist,2024-05-03,https://open.spotify.com/track/5obkgqVuxGlPL7oRNkte4H,True
Kid Kobe,so bad,single,1.0,spotify_playlist_api,Kid Kobe - so bad,https://open.spotify.com/track/7ImNv64ON9RhXZfRPBiyHZ,Spotify Playlist,2024-04-12,https://open.spotify.com/track/7ImNv64ON9RhXZfRPBiyHZ,True
Calvin Harris,Lovers In A Past Life (with Rag'n'Bone Man),single,1.0,spotify_playlist_api,Calvin Harris - Lovers In A Past Life (with Rag'n'Bone Man),https://open.spotify.com/track/6v4ABPB255HDSWyIj3S9Wn,Spotify Playlist,2024-02-16,https://open.spotify.com/track/6v4ABPB255HDSWyIj3S9Wn,True
Lucas Estrada,Loose Ends,single,1.0,spotify_playlist_api,Lucas Estrada - Loose Ends,https://open.spotify.com/track/1IAGVO9a3LDO5VttJ96DtA,Spotify Playlist,2024-03-29,https://open.spotify.com/track/1IAGVO9a3LDO5VttJ96DtA,True
Sam Feldt,The Confession,single,1.0,spotify_playlist_api,Sam Feldt - The Confession,https://open.spotify.com/track/4egjjgLWqhHkBNXtVMX6Qn,Spotify Playlist,2024-03-08,https://open.spotify.com/track/4egjjgLWqhHkBNXtVMX6Qn,True
recens,Never Gonna Be,single,1.0,spotify_playlist_api,recens - Never Gonna Be,https://open.spotify.com/track/1vd0NwE20zmKJHzfCVYsiE,Spotify Playlist,2024-03-01,https://open.spotify.com/track/1vd0NwE20zmKJHzfCVYsiE,True
Kygo,Whatever,single,1.0,spotify_playlist_api,Kygo - Whatever,https://open.spotify.com/track/0LMwmV37RCmBO2so0szAFs,Spotify Playlist,2024-01-19,https://open.spotify.com/track/0LMwmV37RCmBO2so0szAFs,True
Lucas Estrada,Bad Town,single,1.0,spotify_playlist_api,Lucas Estrada - Bad Town,https://open.spotify.com/track/0mrWKdbfFPn4D4aLw887gS,Spotify Playlist,2024-03-01,https://open.spotify.com/track/0mrWKdbfFPn4D4aLw887gS,True
John De Sohn,Enough,single,1.0,spotify_playlist_api,John De Sohn - Enough,https://open.spotify.com/track/3C4diplBpShiL1GKW4rT16,Spotify Playlist,2024-03-01,https://open.spotify.com/track/3C4diplBpShiL1GKW4rT16,True
John De Sohn,Like U,single,1.0,spotify_playlist_api,John De Sohn - Like U,https://open.spotify.com/track/4WoGhfcnnkcU5W28x2rhOP,Spotify Playlist,2024-02-09,https://open.spotify.com/track/4WoGhfcnnkcU5W28x2rhOP,True
Ben Nicky,Let Me Go,single,1.0,spotify_playlist_api,Ben Nicky - Let Me Go,https://open.spotify.com/track/51k0hDADD5mqWAKgHsTYTC,Spotify Playlist,2024-01-18,https://open.spotify.com/track/51k0hDADD5mqWAKgHsTYTC,True
Alok,Deep In Your Love,single,1.0,spotify_playlist_api,Alok - Deep In Your Love,https://open.spotify.com/track/0sftzYE0YgPHXrvJyUyGjB,Spotify Playlist,2024-01-12,https://open.spotify.com/track/0sftzYE0YgPHXrvJyUyGjB,True
The High,On my mind,single,1.0,spotify_playlist_api,The High - On my mind,https://open.spotify.com/track/0hrWjkOGlfONv1Nsja2VDU,Spotify Playlist,2024-03-01,https://open.spotify.com/track/0hrWjkOGlfONv1Nsja2VDU,True
AVIGA,Close Ur Eyes,single,1.0,spotify_playlist_api,AVIGA - Close Ur Eyes,https://open.spotify.com/track/6MgFjFGaFyv92JcqwtAnWJ,Spotify Playlist,2024-01-19,https://open.spotify.com/track/6MgFjFGaFyv92JcqwtAnWJ,True
Frank Walker,Missing You,single,1.0,spotify_playlist_api,Frank Walker - Missing You,https://open.spotify.com/track/0Ae4YMelaM5V6uWa5HNyKw,Spotify Playlist,2024-01-12,https://open.spotify.com/track/0Ae4YMelaM5V6uWa5HNyKw,True
Zara Larsson,On My Love - Hypaton Remix,single,1.0,spotify_playlist_api,Zara Larsson - On My Love - Hypaton Remix,https://open.spotify.com/track/0p30mMKiymrvaaeiXoU3a5,Spotify Playlist,2023-11-30,https://open.spotify.com/track/0p30mMKiymrvaaeiXoU3a5,True
Twelve,Blank Space,single,1.0,spotify_playlist_api,Twelve - Blank Space,https://open.spotify.com/track/3DwoZZBhjJ1vxPkzNHy0E7,Spotify Playlist,2023-12-29,https://open.spotify.com/track/3DwoZZBhjJ1vxPkzNHy0E7,True
Fools Like Us,Freed From Desire,single,1.0,spotify_playlist_api,Fools Like Us - Freed From Desire,https://open.spotify.com/track/0FZJooaPQwWHARV8qDgq6a,Spotify Playlist,2023-12-29,https://open.spotify.com/track/0FZJooaPQwWHARV8qDgq6a,True
Switch Disco,WHAT YOU WANT,EP,1.0,spotify_playlist_api,Switch Disco - WHAT YOU WANT,https://open.spotify.com/track/490ZFiP79LnznD56NckX8N,Spotify Playlist,2023-12-15,https://open.spotify.com/track/490ZFiP79LnznD56NckX8N,True
Axel Johansson,Dark Waters (feat. HOLT),single,1.0,spotify_playlist_api,Axel Johansson - Dark Waters (feat. HOLT),https://open.spotify.com/track/2j4bCIxx7IReA1d1gGw4hF,Spotify Playlist,2023-12-15,https://open.spotify.com/track/2j4bCIxx7IReA1d1gGw4hF,True
Lost Frequencies,All Stand Together,album,1.0,spotify_playlist_api,Lost Frequencies - All Stand Together,https://open.spotify.com/track/5Tg7ljm6nxJiBh8jl6cpPz,Spotify Playlist,2023-11-10,https://open.spotify.com/track/5Tg7ljm6nxJiBh8jl6cpPz,True
Switch Disco,EASE MY MIND,EP,1.0,spotify_playlist_api,Switch Disco - EASE MY MIND,https://open.spotify.com/track/1Fb6QxHTflo5jIeUnseNzM,Spotify Playlist,2023-12-15,https://open.spotify.com/track/1Fb6QxHTflo5jIeUnseNzM,True
The Magician,Love On You (feat. Griff Clawson),single,1.0,spotify_playlist_api,The Magician - Love On You (feat. Griff Clawson),https://open.spotify.com/track/7Iv0928rZ28KjivhAJPqfC,Spotify Playlist,2023-11-10,https://open.spotify.com/track/7Iv0928rZ28KjivhAJPqfC,True
Tate McRae,greedy - Alok remix,single,1.0,spotify_playlist_api,Tate McRae - greedy - Alok remix,https://open.spotify.com/track/2oPEiTNB4vuSAj0EQN5TlS,Spotify Playlist,2023-10-27,https://open.spotify.com/track/2oPEiTNB4vuSAj0EQN5TlS,True
Zara Larsson,On My Love (feat. David Guetta) - Niklas Dee Remix,single,1.0,spotify_playlist_api,Zara Larsson - On My Love (feat. David Guetta) - Niklas Dee Remix,https://open.spotify.com/track/1bbM4tDWNKU6n5M3lBOQE8,Spotify Playlist,2023-09-14,https://open.spotify.com/track/1bbM4tDWNKU6n5M3lBOQE8,True
Sam Feldt,Memories,single,1.0,spotify_playlist_api,Sam Feldt - Memories,https://open.spotify.com/track/4r9kj0CqH7RCp6Oxx56SvN,Spotify Playlist,2023-10-20,https://open.spotify.com/track/4r9kj0CqH7RCp6Oxx56SvN,True
Martin Jensen,Hollywood,single,1.0,spotify_playlist_api,Martin Jensen - Hollywood,https://open.spotify.com/track/23JWLtiaMJzKZsk2eN2vJb,Spotify Playlist,2023-10-20,https://open.spotify.com/track/23JWLtiaMJzKZsk2eN2vJb,True
Zara Larsson,On My Love,single,1.0,spotify_playlist_api,Zara Larsson - On My Love,https://open.spotify.com/track/0dxp7DyPJEo6JhtnjUtBnN,Spotify Playlist,2023-09-15,https://open.spotify.com/track/0dxp7DyPJEo6JhtnjUtBnN,True
Alok,Jungle,single,1.0,spotify_playlist_api,Alok - Jungle,https://open.spotify.com/track/0OvO2X2Q3i98dc5RcgEN3x,Spotify Playlist,2023-09-22,https://open.spotify.com/track/0OvO2X2Q3i98dc5RcgEN3x,True
Dom Dolla,Saving Up,single,1.0,spotify_playlist_api,Dom Dolla - Saving Up,https://open.spotify.com/track/787Y2idwCU2Rk60Prv4wpr,Spotify Playlist,2023-10-06,https://open.spotify.com/track/787Y2idwCU2Rk60Prv4wpr,True
Martin Garrix,Real Love,single,1.0,spotify_playlist_api,Martin Garrix - Real Love,https://open.spotify.com/track/6afdNrotJ1PCt9DoFiHpLj,Spotify Playlist,2023-09-22,https://open.spotify.com/track/6afdNrotJ1PCt9DoFiHpLj,True
cassö,Prada,single,1.0,spotify_playlist_api,cassö - Prada,https://open.spotify.com/track/59NraMJsLaMCVtwXTSia8i,Spotify Playlist,2023-08-11,https://open.spotify.com/track/59NraMJsLaMCVtwXTSia8i,True
Aurora Echo,Echo In My Mind,single,1.0,spotify_playlist_api,Aurora Echo - Echo In My Mind,https://open.spotify.com/track/7IcYfAPCot53epN1HKp9z7,Spotify Playlist,2023-10-06,https://open.spotify.com/track/7IcYfAPCot53epN1HKp9z7,True
Prezioso,I Follow Rivers,single,1.0,spotify_playlist_api,Prezioso - I Follow Rivers,https://open.spotify.com/track/2hBG8hwCNBzwNOOTa4elCG,Spotify Playlist,2023-09-22,https://open.spotify.com/track/2hBG8hwCNBzwNOOTa4elCG,True
Lost Frequencies,Dive,single,1.0,spotify_playlist_api,Lost Frequencies - Dive,https://open.spotify.com/track/0CVXJyYIQPnZE2kAHdx2DP,Spotify Playlist,2023-09-01,https://open.spotify.com/track/0CVXJyYIQPnZE2kAHdx2DP,True
BUNT.,Love,EP,1.0,spotify_playlist_api,BUNT. - Love,https://open.spotify.com/track/2JCFm7pOuEP0cItCq6t3bd,Spotify Playlist,2023-09-08,https://open.spotify.com/track/2JCFm7pOuEP0cItCq6t3bd,True
Alan Walker,The Spectre,single,1.0,spotify_playlist_api,Alan Walker - The Spectre,https://open.spotify.com/track/2DGa7iaidT5s0qnINlwMjJ,Spotify Playlist,2017-09-15,https://open.spotify.com/track/2DGa7iaidT5s0qnINlwMjJ,True
ERIICE,Better Days,single,1.0,spotify_playlist_api,ERIICE - Better Days,https://open.spotify.com/track/2kHDWu9sTu2XgF7H5seYYJ,Spotify Playlist,2023-09-08,https://open.spotify.com/track/2kHDWu9sTu2XgF7H5seYYJ,True
Sivero,Dopamine,single,1.0,spotify_playlist_api,Sivero - Dopamine,https://open.spotify.com/track/6qGmVL7DWHg2e6FuvN2ebG,Spotify Playlist,2023-09-01,https://open.spotify.com/track/6qGmVL7DWHg2e6FuvN2ebG,True
Vibey Squares,Waves,single,1.0,spotify_playlist_api,Vibey Squares - Waves,https://open.spotify.com/track/5L0EwELGOZ3wpotdFpTYBJ,Spotify Playlist,2023-09-01,https://open.spotify.com/track/5L0EwELGOZ3wpotdFpTYBJ,True
ManyFew,"Spread Love (Right Here, Right Now)",single,1.0,spotify_playlist_api,"ManyFew - Spread Love (Right Here, Right Now)",https://open.spotify.com/track/14qQXFyUZL68wM2M5xuW2O,Spotify Playlist,2023-08-25,https://open.spotify.com/track/14qQXFyUZL68wM2M5xuW2O,True
HVME,Waste Your Love,single,1.0,spotify_playlist_api,HVME - Waste Your Love,https://open.spotify.com/track/6pPQ2P4RzhlmApRxDeaK6g,Spotify Playlist,2023-08-25,https://open.spotify.com/track/6pPQ2P4RzhlmApRxDeaK6g,True
Tobtok,We All Fall Down,single,1.0,spotify_playlist_api,Tobtok - We All Fall Down,https://open.spotify.com/track/2YfAHXcBU0RkhHcqxsYsjv,Spotify Playlist,2023-09-01,https://open.spotify.com/track/2YfAHXcBU0RkhHcqxsYsjv,True
Oliver Nelson,I Wonder,single,1.0,spotify_playlist_api,Oliver Nelson - I Wonder,https://open.spotify.com/track/1Df6BMJsbQsDfYbXfNyAGs,Spotify Playlist,2023-09-01,https://open.spotify.com/track/1Df6BMJsbQsDfYbXfNyAGs,True
Calvin Harris,Desire (with Sam Smith),single,1.0,spotify_playlist_api,Calvin Harris - Desire (with Sam Smith),https://open.spotify.com/track/22dUzMFttcR3uU17NcOAIv,Spotify Playlist,2023-07-28,https://open.spotify.com/track/22dUzMFttcR3uU17NcOAIv,True
Good Vibe Delivery,Life Around You,single,1.0,spotify_playlist_api,Good Vibe Delivery - Life Around You,https://open.spotify.com/track/0IelRLp96dmmmZdObUeEp8,Spotify Playlist,2023-08-18,https://open.spotify.com/track/0IelRLp96dmmmZdObUeEp8,True
Hr. Troels,Other Side,single,1.0,spotify_playlist_api,Hr. Troels - Other Side,https://open.spotify.com/track/25NVlQnDE1Nunso1vG4aSJ,Spotify Playlist,2023-08-18,https://open.spotify.com/track/25NVlQnDE1Nunso1vG4aSJ,True
Matisse & Sadko,Holiday,single,1.0,spotify_playlist_api,Matisse & Sadko - Holiday,https://open.spotify.com/track/0xTdKFf2Os8lRX89PpP6nV,Spotify Playlist,2023-08-11,https://open.spotify.com/track/0xTdKFf2Os8lRX89PpP6nV,True
Gabry Ponte,In The Club,single,1.0,spotify_playlist_api,Gabry Ponte - In The Club,https://open.spotify.com/track/5hRRXSDkYLdEzg0yfGbCp3,Spotify Playlist,2023-07-28,https://open.spotify.com/track/5hRRXSDkYLdEzg0yfGbCp3,True
ERIICE,Wonderwall,single,1.0,spotify_playlist_api,ERIICE - Wonderwall,https://open.spotify.com/track/0h5rcZamIz8BT6tEThiNhp,Spotify Playlist,2023-07-28,https://open.spotify.com/track/0h5rcZamIz8BT6tEThiNhp,True
Ljung,Who Says,single,1.0,spotify_playlist_api,Ljung - Who Says,https://open.spotify.com/track/2ymEwkv2sjGziEjSG75v65,Spotify Playlist,2023-06-23,https://open.spotify.com/track/2ymEwkv2sjGziEjSG75v65,True
Yaeger,Lupins In Blue,single,1.0,spotify_playlist_api,Yaeger - Lupins In Blue,https://open.spotify.com/track/1JDepuBvpnzV4BLIPvA2re,Spotify Playlist,2023-05-26,https://open.spotify.com/track/1JDepuBvpnzV4BLIPvA2re,True
HUGEL,I Adore You (feat. Daecolm),single,1.0,spotify_playlist_api,HUGEL - I Adore You (feat. Daecolm),https://open.spotify.com/track/5nPbKG04fhLkIAjcPFaZq7,Spotify Playlist,2024-07-19,https://open.spotify.com/track/5nPbKG04fhLkIAjcPFaZq7,True
Kungs,All Night Long,single,1.0,spotify_playlist_api,Kungs - All Night Long,https://open.spotify.com/track/1vQWFjEC34DHNXrRTFjDxe,Spotify Playlist,2024-01-19,https://open.spotify.com/track/1vQWFjEC34DHNXrRTFjDxe,True
HUGEL,Jamaican (Bam Bam),single,1.0,spotify_playlist_api,HUGEL - Jamaican (Bam Bam),https://open.spotify.com/track/7e4zDInS6tA2jwzphvs2Ay,Spotify Playlist,2025-11-07,https://open.spotify.com/track/7e4zDInS6tA2jwzphvs2Ay,True
Oimara,Wackelkontakt,single,1.0,spotify_playlist_api,Oimara - Wackelkontakt,https://open.spotify.com/track/4x7j9ed3FRH6CHj27kiTQ3,Spotify Playlist,2024-08-02,https://open.spotify.com/track/4x7j9ed3FRH6CHj27kiTQ3,True
Glockenbach,No Stress (feat. 163Margs),single,1.0,spotify_playlist_api,Glockenbach - No Stress (feat. 163Margs),https://open.spotify.com/track/1sw1JO5em44e2tyPLGFe3M,Spotify Playlist,2026-03-27,https://open.spotify.com/track/1sw1JO5em44e2tyPLGFe3M,True
Klangkuenstler,Sonne Geht Auf,single,1.0,spotify_playlist_api,Klangkuenstler - Sonne Geht Auf,https://open.spotify.com/track/6bs1myCEARQoI7oOLxqHkp,Spotify Playlist,2025-10-10,https://open.spotify.com/track/6bs1myCEARQoI7oOLxqHkp,True
Avicii,Forever Yours - Tim’s 2016 Ibiza Version,single,1.0,spotify_playlist_api,Avicii - Forever Yours - Tim’s 2016 Ibiza Version,https://open.spotify.com/track/1HnuyFokRiXuJtygnFCiZT,Spotify Playlist,2025-02-14,https://open.spotify.com/track/1HnuyFokRiXuJtygnFCiZT,True
Luca-Dante Spadafora,I Love It,single,1.0,spotify_playlist_api,Luca-Dante Spadafora - I Love It,https://open.spotify.com/track/5VG6MONs7BkKKjO65vZYMm,Spotify Playlist,2024-04-05,https://open.spotify.com/track/5VG6MONs7BkKKjO65vZYMm,True
Topic,Missing You,single,1.0,spotify_playlist_api,Topic - Missing You,https://open.spotify.com/track/2RTrq2GHoziL1i5WKkECQo,Spotify Playlist,2026-03-13,https://open.spotify.com/track/2RTrq2GHoziL1i5WKkECQo,True
YouNotUs,Flip Side,single,1.0,spotify_playlist_api,YouNotUs - Flip Side,https://open.spotify.com/track/2DZCnwzOR9S7r7n0oGqGAc,Spotify Playlist,2026-06-19,https://open.spotify.com/track/2DZCnwzOR9S7r7n0oGqGAc,True
Fritz Kalkbrenner,It Often Be,single,1.0,spotify_playlist_api,Fritz Kalkbrenner - It Often Be,https://open.spotify.com/track/0KtUXyyYREwnkSoXcslJIp,Spotify Playlist,2026-07-24,https://open.spotify.com/track/0KtUXyyYREwnkSoXcslJIp,True
Alan Dixon,Work For It,single,1.0,spotify_playlist_api,Alan Dixon - Work For It,https://open.spotify.com/track/1dcxv4lWmbAuoZ6g1e5rxn,Spotify Playlist,2026-07-17,https://open.spotify.com/track/1dcxv4lWmbAuoZ6g1e5rxn,True
twocolors,Heart 2 Heart,single,1.0,spotify_playlist_api,twocolors - Heart 2 Heart,https://open.spotify.com/track/0TbvH34m8tIb7DOXuS6pzq,Spotify Playlist,2026-07-17,https://open.spotify.com/track/0TbvH34m8tIb7DOXuS6pzq,True
Tomas Grey,Heaven (feat. Yousra),single,1.0,spotify_playlist_api,Tomas Grey - Heaven (feat. Yousra),https://open.spotify.com/track/2NPOfAcuPVBilgRETr0qJq,Spotify Playlist,2026-07-17,https://open.spotify.com/track/2NPOfAcuPVBilgRETr0qJq,True
Salvatore Mancuso,Ricochet,single,1.0,spotify_playlist_api,Salvatore Mancuso - Ricochet,https://open.spotify.com/track/7uZY84lyJoU1yw85Fhxbjm,Spotify Playlist,2026-07-17,https://open.spotify.com/track/7uZY84lyJoU1yw85Fhxbjm,True
Simon Miles,Higher Ground (feat. LIN D),single,1.0,spotify_playlist_api,Simon Miles - Higher Ground (feat. LIN D),https://open.spotify.com/track/3XGW7ossXI2RzQfI91J8h1,Spotify Playlist,2026-07-24,https://open.spotify.com/track/3XGW7ossXI2RzQfI91J8h1,True
MEDUZA,Weekend,single,1.0,spotify_playlist_api,MEDUZA - Weekend,https://open.spotify.com/track/49hQMAGfaJkoMJVBnvmiZG,Spotify Playlist,2026-07-17,https://open.spotify.com/track/49hQMAGfaJkoMJVBnvmiZG,True
Benji,Forever Never Came,single,1.0,spotify_playlist_api,Benji - Forever Never Came,https://open.spotify.com/track/0rGi00jVPfyNgTt1FFlZvI,Spotify Playlist,2026-06-19,https://open.spotify.com/track/0rGi00jVPfyNgTt1FFlZvI,True
SOFI TUKKER,Barthelona,single,1.0,spotify_playlist_api,SOFI TUKKER - Barthelona,https://open.spotify.com/track/0SYOYm0e54czc1wHToxLBh,Spotify Playlist,2026-07-17,https://open.spotify.com/track/0SYOYm0e54czc1wHToxLBh,True
Marlon Hoffstadt,Get Buck,single,1.0,spotify_playlist_api,Marlon Hoffstadt - Get Buck,https://open.spotify.com/track/63F3FjzThdTnwwY7JLwTt0,Spotify Playlist,2026-07-17,https://open.spotify.com/track/63F3FjzThdTnwwY7JLwTt0,True
Nicole da Silva,Quero Mais,single,1.0,spotify_playlist_api,Nicole da Silva - Quero Mais,https://open.spotify.com/track/3l5NSLbvnzmQLzaxiYW6iM,Spotify Playlist,2026-07-24,https://open.spotify.com/track/3l5NSLbvnzmQLzaxiYW6iM,True
LAVINIA,Reasons,single,1.0,spotify_playlist_api,LAVINIA - Reasons,https://open.spotify.com/track/1nZz6nJgjcinLKZ40Ulrjj,Spotify Playlist,2026-07-10,https://open.spotify.com/track/1nZz6nJgjcinLKZ40Ulrjj,True
Good Knights,When I Was A Kid,single,1.0,spotify_playlist_api,Good Knights - When I Was A Kid,https://open.spotify.com/track/1stHu9PGoRGD56MMTkIo51,Spotify Playlist,2026-07-31,https://open.spotify.com/track/1stHu9PGoRGD56MMTkIo51,True
Loek,Weekend,single,1.0,spotify_playlist_api,Loek - Weekend,https://open.spotify.com/track/4jv5tInVkbtnwYWtoTyep1,Spotify Playlist,2026-06-19,https://open.spotify.com/track/4jv5tInVkbtnwYWtoTyep1,True
felix jaehn,siren - ABSOLUTE. Remix,single,1.0,spotify_playlist_api,felix jaehn - siren - ABSOLUTE. Remix,https://open.spotify.com/track/6Vp2Mrsk0N2cV3ROCQv37O,Spotify Playlist,2026-07-17,https://open.spotify.com/track/6Vp2Mrsk0N2cV3ROCQv37O,True
CAIVA,Another Story - Fairytale Version,single,1.0,spotify_playlist_api,CAIVA - Another Story - Fairytale Version,https://open.spotify.com/track/5qve5k4i2ZSFPyLnBvaT8O,Spotify Playlist,2026-07-03,https://open.spotify.com/track/5qve5k4i2ZSFPyLnBvaT8O,True
Prince 85,Unbound,single,1.0,spotify_playlist_api,Prince 85 - Unbound,https://open.spotify.com/track/1Nxg47FghfUl6XB46WZwFc,Spotify Playlist,2026-06-18,https://open.spotify.com/track/1Nxg47FghfUl6XB46WZwFc,True
Cascada,YOUtopia,single,1.0,spotify_playlist_api,Cascada - YOUtopia,https://open.spotify.com/track/35NaaOPzsTWOWM47PzRuaY,Spotify Playlist,2026-07-03,https://open.spotify.com/track/35NaaOPzsTWOWM47PzRuaY,True
The Ironix,Dey Go,single,1.0,spotify_playlist_api,The Ironix - Dey Go,https://open.spotify.com/track/5e5x8knt8ja9RpHUBS5YY4,Spotify Playlist,2026-07-10,https://open.spotify.com/track/5e5x8knt8ja9RpHUBS5YY4,True
TOMORA,HAVE YOU SEEN ME DANCE ALONE? - Rosa Pistola Remix,single,1.0,spotify_playlist_api,TOMORA - HAVE YOU SEEN ME DANCE ALONE? - Rosa Pistola Remix,https://open.spotify.com/track/6Ni3ftx7WG99FOcLKROIQ2,Spotify Playlist,2026-06-30,https://open.spotify.com/track/6Ni3ftx7WG99FOcLKROIQ2,True
bbyclose,temptations,single,1.0,spotify_playlist_api,bbyclose - temptations,https://open.spotify.com/track/58AUk27TOxwKnyy2WJ76lK,Spotify Playlist,2026-07-03,https://open.spotify.com/track/58AUk27TOxwKnyy2WJ76lK,True
Steve Aoki,Gravity (feat. SACHA),single,1.0,spotify_playlist_api,Steve Aoki - Gravity (feat. SACHA),https://open.spotify.com/track/6wl2wU2M7vDeHbK07duho1,Spotify Playlist,2026-07-03,https://open.spotify.com/track/6wl2wU2M7vDeHbK07duho1,True
Stefan Torres,"Read All About It, Pt. III",single,1.0,spotify_playlist_api,"Stefan Torres - Read All About It, Pt. III",https://open.spotify.com/track/0QHL4t83Vjn4NkQCfHktjz,Spotify Playlist,2026-07-03,https://open.spotify.com/track/0QHL4t83Vjn4NkQCfHktjz,True
Albi,Sitting Down Here (feat. Lilly Ahlberg),single,1.0,spotify_playlist_api,Albi - Sitting Down Here (feat. Lilly Ahlberg),https://open.spotify.com/track/7vu6ybPQYHIKfrqg73ZI2d,Spotify Playlist,2026-02-04,https://open.spotify.com/track/7vu6ybPQYHIKfrqg73ZI2d,True
East End Dubs,Face Bass,single,1.0,spotify_playlist_api,East End Dubs - Face Bass,https://open.spotify.com/track/4tXS570m2e35lVjIxBjxoW,Spotify Playlist,2026-05-01,https://open.spotify.com/track/4tXS570m2e35lVjIxBjxoW,True
Ayra Starr,Where Do We Go - Peggy Gou Remix,single,1.0,spotify_playlist_api,Ayra Starr - Where Do We Go - Peggy Gou Remix,https://open.spotify.com/track/7icTQjIbMxfkOU71InqarB,Spotify Playlist,2026-04-28,https://open.spotify.com/track/7icTQjIbMxfkOU71InqarB,True
Miss Bashful,Fake Designer Bitch,single,1.0,spotify_playlist_api,Miss Bashful - Fake Designer Bitch,https://open.spotify.com/track/00qZqbXKAiR9TAQyW7FTPx,Spotify Playlist,2026-04-03,https://open.spotify.com/track/00qZqbXKAiR9TAQyW7FTPx,True
Marlon Hoffstadt,Party People,single,1.0,spotify_playlist_api,Marlon Hoffstadt - Party People,https://open.spotify.com/track/4Rbj7CS2UJq6ehpZgiY7Kw,Spotify Playlist,2026-07-03,https://open.spotify.com/track/4Rbj7CS2UJq6ehpZgiY7Kw,True
Jazzy,Invisible,single,1.0,spotify_playlist_api,Jazzy - Invisible,https://open.spotify.com/track/2dt5AmiiAA7dOhE1xws9qY,Spotify Playlist,2026-06-19,https://open.spotify.com/track/2dt5AmiiAA7dOhE1xws9qY,True
felix jaehn,siren,single,1.0,spotify_playlist_api,felix jaehn - siren,https://open.spotify.com/track/2Abgq1EmE3gDZhhaLBmbAn,Spotify Playlist,2026-06-19,https://open.spotify.com/track/2Abgq1EmE3gDZhhaLBmbAn,True
INSEBTION,Dynamite,single,1.0,spotify_playlist_api,INSEBTION - Dynamite,https://open.spotify.com/track/3ti9s4hvvADQs16BFw9ehv,Spotify Playlist,2026-05-08,https://open.spotify.com/track/3ti9s4hvvADQs16BFw9ehv,True
Topic,TIK TAK,single,1.0,spotify_playlist_api,Topic - TIK TAK,https://open.spotify.com/track/7bZ2QUWiP3upNEnIQc7AmZ,Spotify Playlist,2026-06-19,https://open.spotify.com/track/7bZ2QUWiP3upNEnIQc7AmZ,True
Jimmy L'Orange,Serotonin,single,1.0,spotify_playlist_api,Jimmy L'Orange - Serotonin,https://open.spotify.com/track/4IiOAbhvnPVbmamMbvtCVr,Spotify Playlist,2026-06-26,https://open.spotify.com/track/4IiOAbhvnPVbmamMbvtCVr,True
DaBaby,POP DAT THANG - David Guetta Mix,single,1.0,spotify_playlist_api,DaBaby - POP DAT THANG - David Guetta Mix,https://open.spotify.com/track/1DyPR5YSPHlRhqRQQR4CGB,Spotify Playlist,2026-05-08,https://open.spotify.com/track/1DyPR5YSPHlRhqRQQR4CGB,True
Sting,Desert Rose - Bedouin Remix,EP,1.0,spotify_playlist_api,Sting - Desert Rose - Bedouin Remix,https://open.spotify.com/track/6Q0QOjg0whW68Mn2byferG,Spotify Playlist,2026-04-03,https://open.spotify.com/track/6Q0QOjg0whW68Mn2byferG,True
M¥SS KETA,HANGOVER GIRL,single,1.0,spotify_playlist_api,M¥SS KETA - HANGOVER GIRL,https://open.spotify.com/track/4IRpoipsrAESkDp5fxW4b9,Spotify Playlist,2026-06-26,https://open.spotify.com/track/4IRpoipsrAESkDp5fxW4b9,True
Blair Muir,Sorry,single,1.0,spotify_playlist_api,Blair Muir - Sorry,https://open.spotify.com/track/1K5hMzQh8BHvnoN7Alokyj,Spotify Playlist,2026-04-10,https://open.spotify.com/track/1K5hMzQh8BHvnoN7Alokyj,True
Remady,Close To You,single,1.0,spotify_playlist_api,Remady - Close To You,https://open.spotify.com/track/0ccXAWAhbQYJlY3dvdS6t8,Spotify Playlist,2026-05-08,https://open.spotify.com/track/0ccXAWAhbQYJlY3dvdS6t8,True
Ely Oaks,Babydoll,single,1.0,spotify_playlist_api,Ely Oaks - Babydoll,https://open.spotify.com/track/6QyCxKdH6n2bfV49UI9pmC,Spotify Playlist,2026-06-15,https://open.spotify.com/track/6QyCxKdH6n2bfV49UI9pmC,True
CAKES,Cola,single,1.0,spotify_playlist_api,CAKES - Cola,https://open.spotify.com/track/1a8tPkvOMDoHq1ymFbleyV,Spotify Playlist,2026-06-05,https://open.spotify.com/track/1a8tPkvOMDoHq1ymFbleyV,True
Alle Farben,Heroes Of The Night,EP,1.0,spotify_playlist_api,Alle Farben - Heroes Of The Night,https://open.spotify.com/track/2814kFIUizWrFSVoJWmsg0,Spotify Playlist,2026-05-22,https://open.spotify.com/track/2814kFIUizWrFSVoJWmsg0,True
Marlon Hoffstadt,I Like,single,1.0,spotify_playlist_api,Marlon Hoffstadt - I Like,https://open.spotify.com/track/2EqvkJYnk3pCqlsaN89THt,Spotify Playlist,2026-06-05,https://open.spotify.com/track/2EqvkJYnk3pCqlsaN89THt,True
Dean Turnley,Actin' Tough - Mall Grab Remix,single,1.0,spotify_playlist_api,Dean Turnley - Actin' Tough - Mall Grab Remix,https://open.spotify.com/track/2TqCiv7A1vIf8dPwNItdZl,Spotify Playlist,2026-05-22,https://open.spotify.com/track/2TqCiv7A1vIf8dPwNItdZl,True
Fritz Kalkbrenner,Everything In Between,single,1.0,spotify_playlist_api,Fritz Kalkbrenner - Everything In Between,https://open.spotify.com/track/0nUc5J8soZOcCO7MybH3qL,Spotify Playlist,2026-06-12,https://open.spotify.com/track/0nUc5J8soZOcCO7MybH3qL,True
KLAR,Need To Forget You,single,1.0,spotify_playlist_api,KLAR - Need To Forget You,https://open.spotify.com/track/0b114RvRt9TY254vvkZWX6,Spotify Playlist,2026-06-12,https://open.spotify.com/track/0b114RvRt9TY254vvkZWX6,True
LAVINIA,I look sh!t (and i‘m fine with it),single,1.0,spotify_playlist_api,LAVINIA - I look sh!t (and i‘m fine with it),https://open.spotify.com/track/2OlWj3MnKCEOELsZ1uM4Mb,Spotify Playlist,2026-05-08,https://open.spotify.com/track/2OlWj3MnKCEOELsZ1uM4Mb,True
Luude,Never Adds Up - Blair Muir Remix,single,1.0,spotify_playlist_api,Luude - Never Adds Up - Blair Muir Remix,https://open.spotify.com/track/2GCCMoooEvkuUVzmSDugZx,Spotify Playlist,2026-06-12,https://open.spotify.com/track/2GCCMoooEvkuUVzmSDugZx,True
James Hype,Seratonin,single,1.0,spotify_playlist_api,James Hype - Seratonin,https://open.spotify.com/track/0SZKacJ8DMFQjmdUfSJX2C,Spotify Playlist,2026-05-15,https://open.spotify.com/track/0SZKacJ8DMFQjmdUfSJX2C,True
felix jaehn,believe in,single,1.0,spotify_playlist_api,felix jaehn - believe in,https://open.spotify.com/track/6sfNz0FjL3AQPP3Wa39q0p,Spotify Playlist,2026-05-08,https://open.spotify.com/track/6sfNz0FjL3AQPP3Wa39q0p,True
FAST BOY,Last Summer,single,1.0,spotify_playlist_api,FAST BOY - Last Summer,https://open.spotify.com/track/3P0cwc2OPm7UUkXw9OyCA2,Spotify Playlist,2024-10-18,https://open.spotify.com/track/3P0cwc2OPm7UUkXw9OyCA2,True
Yearboox,Babylon,single,1.0,spotify_playlist_api,Yearboox - Babylon,https://open.spotify.com/track/1e9Lx4nNiGdNEoIL24CDuW,Spotify Playlist,2026-05-29,https://open.spotify.com/track/1e9Lx4nNiGdNEoIL24CDuW,True
MaWayy,Moon And Back,single,1.0,spotify_playlist_api,MaWayy - Moon And Back,https://open.spotify.com/track/1oWgxKqMRdTEMna4ny7Sls,Spotify Playlist,2026-04-10,https://open.spotify.com/track/1oWgxKqMRdTEMna4ny7Sls,True
Stefy De Cicco,I Walk Above The Sky,single,1.0,spotify_playlist_api,Stefy De Cicco - I Walk Above The Sky,https://open.spotify.com/track/5yYkrhdD0PO5DJk3oBUX8H,Spotify Playlist,2026-03-13,https://open.spotify.com/track/5yYkrhdD0PO5DJk3oBUX8H,True
Shugz,P.U.M.P,single,1.0,spotify_playlist_api,Shugz - P.U.M.P,https://open.spotify.com/track/0hvvdKqFRnOah2xujgGjX5,Spotify Playlist,2026-03-20,https://open.spotify.com/track/0hvvdKqFRnOah2xujgGjX5,True
Natascha Polké,Ghost - Douran Rework,single,1.0,spotify_playlist_api,Natascha Polké - Ghost - Douran Rework,https://open.spotify.com/track/4q8keEFSMU43gfTkd1lJOU,Spotify Playlist,2026-04-10,https://open.spotify.com/track/4q8keEFSMU43gfTkd1lJOU,True
Mika Heggemann,Music Never Lies,single,1.0,spotify_playlist_api,Mika Heggemann - Music Never Lies,https://open.spotify.com/track/03L7OZovsBbQmCGMf4t8K4,Spotify Playlist,2026-03-20,https://open.spotify.com/track/03L7OZovsBbQmCGMf4t8K4,True
Marshmello,Where We Go,single,1.0,spotify_playlist_api,Marshmello - Where We Go,https://open.spotify.com/track/1aHAmd4iXRRkXIrTJwKncm,Spotify Playlist,2026-04-10,https://open.spotify.com/track/1aHAmd4iXRRkXIrTJwKncm,True
NOTION,PSYCHO,EP,1.0,spotify_playlist_api,NOTION - PSYCHO,https://open.spotify.com/track/6TnQUNziXgjkZUaO9b7jtd,Spotify Playlist,2026-04-10,https://open.spotify.com/track/6TnQUNziXgjkZUaO9b7jtd,True
Good Knights,Nights Like This,single,1.0,spotify_playlist_api,Good Knights - Nights Like This,https://open.spotify.com/track/2FJlG45sHgcXrkQGl2Cj5I,Spotify Playlist,2026-04-03,https://open.spotify.com/track/2FJlG45sHgcXrkQGl2Cj5I,True
Stefy De Cicco,Again (Fable),single,1.0,spotify_playlist_api,Stefy De Cicco - Again (Fable),https://open.spotify.com/track/0Hm545jiSANUhFQfo1Qk71,Spotify Playlist,2026-04-17,https://open.spotify.com/track/0Hm545jiSANUhFQfo1Qk71,True
Anyma,Bad Angel (with LISA),single,1.0,spotify_playlist_api,Anyma - Bad Angel (with LISA),https://open.spotify.com/track/4QR40LqFAbMdabh4AoZJGZ,Spotify Playlist,2026-04-08,https://open.spotify.com/track/4QR40LqFAbMdabh4AoZJGZ,True
DJ GUESTLIST,B.E.A.T.,single,1.0,spotify_playlist_api,DJ GUESTLIST - B.E.A.T.,https://open.spotify.com/track/6G1bG4D6ufdV0H9cbaBql5,Spotify Playlist,2026-03-13,https://open.spotify.com/track/6G1bG4D6ufdV0H9cbaBql5,True
Luude,Never Adds Up (feat. Inéz),single,1.0,spotify_playlist_api,Luude - Never Adds Up (feat. Inéz),https://open.spotify.com/track/0Cum83rmJihiD99CkRmOCn,Spotify Playlist,2026-04-09,https://open.spotify.com/track/0Cum83rmJihiD99CkRmOCn,True
FAST BOY,Beautiful Life,single,1.0,spotify_playlist_api,FAST BOY - Beautiful Life,https://open.spotify.com/track/15pViH8S6yor5SmFrV03ic,Spotify Playlist,2026-04-03,https://open.spotify.com/track/15pViH8S6yor5SmFrV03ic,True
MEDUZA,Don't Wanna Go Home (feat. Henry Camamile),single,1.0,spotify_playlist_api,MEDUZA - Don't Wanna Go Home (feat. Henry Camamile),https://open.spotify.com/track/6CAiFxfsp5qIOYs5m7kSZX,Spotify Playlist,2026-03-25,https://open.spotify.com/track/6CAiFxfsp5qIOYs5m7kSZX,True
Anyma,Beautiful (with Joji),single,1.0,spotify_playlist_api,Anyma - Beautiful (with Joji),https://open.spotify.com/track/1vH3BkNnHqOpWA4jsmDEH2,Spotify Playlist,2026-04-03,https://open.spotify.com/track/1vH3BkNnHqOpWA4jsmDEH2,True
twocolors,Mad World,single,1.0,spotify_playlist_api,twocolors - Mad World,https://open.spotify.com/track/5pIOX4Fy3CXEdvs6Yp8roU,Spotify Playlist,2026-03-20,https://open.spotify.com/track/5pIOX4Fy3CXEdvs6Yp8roU,True
Dean Turnley,Actin' Tough,single,1.0,spotify_playlist_api,Dean Turnley - Actin' Tough,https://open.spotify.com/track/507j66jaEEUU11uFSTOHFM,Spotify Playlist,2026-03-20,https://open.spotify.com/track/507j66jaEEUU11uFSTOHFM,True
Maroox,Team,single,1.0,spotify_playlist_api,Maroox - Team,https://open.spotify.com/track/1jI2h08H9lEkBPdEiEwMJv,Spotify Playlist,2026-03-13,https://open.spotify.com/track/1jI2h08H9lEkBPdEiEwMJv,True
ILLENIUM,Die Living,single,1.0,spotify_playlist_api,ILLENIUM - Die Living,https://open.spotify.com/track/2oKsaWKGDnYD5V0Q8SiSVK,Spotify Playlist,2026-03-20,https://open.spotify.com/track/2oKsaWKGDnYD5V0Q8SiSVK,True
MEDUZA,Fire - Official UEFA EURO 2024 Song,single,1.0,spotify_playlist_api,MEDUZA - Fire - Official UEFA EURO 2024 Song,https://open.spotify.com/track/7MYLHLCf0YWR4TVs3owDny,Spotify Playlist,2024-05-10,https://open.spotify.com/track/7MYLHLCf0YWR4TVs3owDny,True
Miss Bashful,Glamour Snobby,single,1.0,spotify_playlist_api,Miss Bashful - Glamour Snobby,https://open.spotify.com/track/6rOQ9fAiEHaywMlpjye99R,Spotify Playlist,2026-02-13,https://open.spotify.com/track/6rOQ9fAiEHaywMlpjye99R,True
WITH U,Girl In Ibiza,single,1.0,spotify_playlist_api,WITH U - Girl In Ibiza,https://open.spotify.com/track/37GdNHzVKH7FAlRp2Tc9PB,Spotify Playlist,2026-03-13,https://open.spotify.com/track/37GdNHzVKH7FAlRp2Tc9PB,True
LAVINIA,Adiós,single,1.0,spotify_playlist_api,LAVINIA - Adiós,https://open.spotify.com/track/3wStPcGcWaDdula0LM34TP,Spotify Playlist,2026-02-27,https://open.spotify.com/track/3wStPcGcWaDdula0LM34TP,True
Fritz Kalkbrenner,Remember Who You Are,single,1.0,spotify_playlist_api,Fritz Kalkbrenner - Remember Who You Are,https://open.spotify.com/track/3tblXmky5Yxp4egimxx5t8,Spotify Playlist,2026-03-13,https://open.spotify.com/track/3tblXmky5Yxp4egimxx5t8,True
NOTION,GET OUT MY HEAD,single,1.0,spotify_playlist_api,NOTION - GET OUT MY HEAD,https://open.spotify.com/track/4Yv3uFcvb6QEQaEzb5GqtK,Spotify Playlist,2026-02-20,https://open.spotify.com/track/4Yv3uFcvb6QEQaEzb5GqtK,True
Miss Bashful,HUNKA HUNKA,single,1.0,spotify_playlist_api,Miss Bashful - HUNKA HUNKA,https://open.spotify.com/track/7mYuKq3IVyM3XvGroAcIV5,Spotify Playlist,2026-03-13,https://open.spotify.com/track/7mYuKq3IVyM3XvGroAcIV5,True
James Hype,Be Mine,single,1.0,spotify_playlist_api,James Hype - Be Mine,https://open.spotify.com/track/3BENVzgDdwCiTGVtJbZGJd,Spotify Playlist,2026-03-06,https://open.spotify.com/track/3BENVzgDdwCiTGVtJbZGJd,True
Kungs,Get Away,album,1.0,spotify_playlist_api,Kungs - Get Away,https://open.spotify.com/track/4OBZntR9IGwMzz5VnDpjpa,Spotify Playlist,2026-03-13,https://open.spotify.com/track/4OBZntR9IGwMzz5VnDpjpa,True
Jonas Blue,Madan,single,1.0,spotify_playlist_api,Jonas Blue - Madan,https://open.spotify.com/track/5siFgBbdKb7TwqXi1CzF3C,Spotify Playlist,2026-03-13,https://open.spotify.com/track/5siFgBbdKb7TwqXi1CzF3C,True
IVE,Supernova Love,single,1.0,spotify_playlist_api,IVE - Supernova Love,https://open.spotify.com/track/5sTLGx6c7YRwnrWm6O091n,Spotify Playlist,2024-11-08,https://open.spotify.com/track/5sTLGx6c7YRwnrWm6O091n,True
Klangkarussell,Sonnentanz (Bonnie Strange Remix),single,1.0,spotify_playlist_api,Klangkarussell - Sonnentanz (Bonnie Strange Remix),https://open.spotify.com/track/7kafjME09xr2QDaF0b3w3O,Spotify Playlist,2026-02-27,https://open.spotify.com/track/7kafjME09xr2QDaF0b3w3O,True
Saint clara,Gosh I Luv It !!!,single,1.0,spotify_playlist_api,Saint clara - Gosh I Luv It !!!,https://open.spotify.com/track/3I7uEyg1QhIdl6msbxpieX,Spotify Playlist,2026-03-06,https://open.spotify.com/track/3I7uEyg1QhIdl6msbxpieX,True
TOMORA,SOMEWHERE ELSE,single,1.0,spotify_playlist_api,TOMORA - SOMEWHERE ELSE,https://open.spotify.com/track/5AeUaZEtyRCi7t4JHkBus9,Spotify Playlist,2026-03-03,https://open.spotify.com/track/5AeUaZEtyRCi7t4JHkBus9,True
R3HAB,Right here...,single,1.0,spotify_playlist_api,R3HAB - Right here...,https://open.spotify.com/track/7JxufZObN8xKDnEUmd1uK5,Spotify Playlist,2026-03-06,https://open.spotify.com/track/7JxufZObN8xKDnEUmd1uK5,True
Global Deejays,What A Feeling (Flashdance) 2026,single,1.0,spotify_playlist_api,Global Deejays - What A Feeling (Flashdance) 2026,https://open.spotify.com/track/0MDotLLFFKX9znnfaHCe8L,Spotify Playlist,2026-02-20,https://open.spotify.com/track/0MDotLLFFKX9znnfaHCe8L,True
Secret Society,Neoperreo,single,1.0,spotify_playlist_api,Secret Society - Neoperreo,https://open.spotify.com/track/28DBPgLD7pUjGA561yzd8X,Spotify Playlist,2025-02-24,https://open.spotify.com/track/28DBPgLD7pUjGA561yzd8X,True
Widemode,Fight Club,single,1.0,spotify_playlist_api,Widemode - Fight Club,https://open.spotify.com/track/4wHNxr9GaUVv7rpVBmHyj9,Spotify Playlist,2026-02-27,https://open.spotify.com/track/4wHNxr9GaUVv7rpVBmHyj9,True
LIZOT,No Kiss,single,1.0,spotify_playlist_api,LIZOT - No Kiss,https://open.spotify.com/track/6iqzoQ2JILovuBiZfj16Kw,Spotify Playlist,2026-02-20,https://open.spotify.com/track/6iqzoQ2JILovuBiZfj16Kw,True
Ordinary Kid,Make Me Go,single,1.0,spotify_playlist_api,Ordinary Kid - Make Me Go,https://open.spotify.com/track/4y1fCY9r3nsMNWAhdW1xwz,Spotify Playlist,2026-02-20,https://open.spotify.com/track/4y1fCY9r3nsMNWAhdW1xwz,True
Alle Farben,Body Talk,single,1.0,spotify_playlist_api,Alle Farben - Body Talk,https://open.spotify.com/track/2ejzE6eD1mP1JFk4qrBxbc,Spotify Playlist,2026-03-06,https://open.spotify.com/track/2ejzE6eD1mP1JFk4qrBxbc,True
felix jaehn,boy you turn me,single,1.0,spotify_playlist_api,felix jaehn - boy you turn me,https://open.spotify.com/track/5xM6Saib7CixujU8BFW2eN,Spotify Playlist,2026-03-06,https://open.spotify.com/track/5xM6Saib7CixujU8BFW2eN,True
bbyclose,dream about u,single,1.0,spotify_playlist_api,bbyclose - dream about u,https://open.spotify.com/track/3M2GqbZhACjU0cGZGBdIxs,Spotify Playlist,2026-02-13,https://open.spotify.com/track/3M2GqbZhACjU0cGZGBdIxs,True
The Avener,Supernova,single,1.0,spotify_playlist_api,The Avener - Supernova,https://open.spotify.com/track/2Fgrs0WuPgru74Ttu5le2M,Spotify Playlist,2026-02-12,https://open.spotify.com/track/2Fgrs0WuPgru74Ttu5le2M,True
Marlon Hoffstadt,Turn It Up,EP,1.0,spotify_playlist_api,Marlon Hoffstadt - Turn It Up,https://open.spotify.com/track/3V8NtZAKzVhM6XexfKl0fq,Spotify Playlist,2025-10-24,https://open.spotify.com/track/3V8NtZAKzVhM6XexfKl0fq,True
Yearboox,Paris and Rome,single,1.0,spotify_playlist_api,Yearboox - Paris and Rome,https://open.spotify.com/track/1JMh5BJOU5GIScZWWJIs62,Spotify Playlist,2025-11-07,https://open.spotify.com/track/1JMh5BJOU5GIScZWWJIs62,True
Unregular,Somebody To Love,single,1.0,spotify_playlist_api,Unregular - Somebody To Love,https://open.spotify.com/track/3iCGGFi3RlG7Us7nX7E6KK,Spotify Playlist,2026-02-20,https://open.spotify.com/track/3iCGGFi3RlG7Us7nX7E6KK,True
AVA CROWN,"All I Got (Love, Need and Want You)",single,1.0,spotify_playlist_api,"AVA CROWN - All I Got (Love, Need and Want You)",https://open.spotify.com/track/16hmagIN6gXttdjwbq24Y5,Spotify Playlist,2026-02-20,https://open.spotify.com/track/16hmagIN6gXttdjwbq24Y5,True
R3HAB,I had a dream...,single,1.0,spotify_playlist_api,R3HAB - I had a dream...,https://open.spotify.com/track/4IKowbCQsk8o6AQPaYvzQC,Spotify Playlist,2026-02-06,https://open.spotify.com/track/4IKowbCQsk8o6AQPaYvzQC,True
LUM!X,I Don't Even Like You,single,1.0,spotify_playlist_api,LUM!X - I Don't Even Like You,https://open.spotify.com/track/0nPRRrlZk8rZsnTb5AsMW9,Spotify Playlist,2026-02-13,https://open.spotify.com/track/0nPRRrlZk8rZsnTb5AsMW9,True
Agnes,BEAUTIFUL MADNESS,album,1.0,spotify_playlist_api,Agnes - BEAUTIFUL MADNESS,https://open.spotify.com/track/1BtPw6ZQxLXoB82nAYgsOV,Spotify Playlist,2026-01-23,https://open.spotify.com/track/1BtPw6ZQxLXoB82nAYgsOV,True
AVALAN ROKSTON,Vertigo,single,1.0,spotify_playlist_api,AVALAN ROKSTON - Vertigo,https://open.spotify.com/track/6kw5fiFSxFTUUmn6ynSwrD,Spotify Playlist,2026-02-20,https://open.spotify.com/track/6kw5fiFSxFTUUmn6ynSwrD,True
Regard,Higher Love,single,1.0,spotify_playlist_api,Regard - Higher Love,https://open.spotify.com/track/2TFwKzcRtRJ6B4RVmQCvXG,Spotify Playlist,2026-02-13,https://open.spotify.com/track/2TFwKzcRtRJ6B4RVmQCvXG,True
ILLENIUM,Don't Want Your Love,album,1.0,spotify_playlist_api,ILLENIUM - Don't Want Your Love,https://open.spotify.com/track/0ddLd0n19FHwawkSmhXwgg,Spotify Playlist,2026-02-05,https://open.spotify.com/track/0ddLd0n19FHwawkSmhXwgg,True
Alesso,FADE,single,1.0,spotify_playlist_api,Alesso - FADE,https://open.spotify.com/track/1ZpzOXJwRbvKgYK2XBVRfi,Spotify Playlist,2026-02-06,https://open.spotify.com/track/1ZpzOXJwRbvKgYK2XBVRfi,True
R2,God Is A DJ,single,1.0,spotify_playlist_api,R2 - God Is A DJ,https://open.spotify.com/track/7kdyAbm6kDeazoggHIifHn,Spotify Playlist,2025-11-27,https://open.spotify.com/track/7kdyAbm6kDeazoggHIifHn,True
twocolors,Remind Me To Forget,EP,1.0,spotify_playlist_api,twocolors - Remind Me To Forget,https://open.spotify.com/track/5moWB917EyCJ3wsahkV2Zl,Spotify Playlist,2026-01-30,https://open.spotify.com/track/5moWB917EyCJ3wsahkV2Zl,True
NOTION,FITNESS FIRST,single,1.0,spotify_playlist_api,NOTION - FITNESS FIRST,https://open.spotify.com/track/64FZ6XLObgyJwDQWkVU07k,Spotify Playlist,2026-01-30,https://open.spotify.com/track/64FZ6XLObgyJwDQWkVU07k,True
Nicole da Silva,Nunca Senti,single,1.0,spotify_playlist_api,Nicole da Silva - Nunca Senti,https://open.spotify.com/track/4SCW9QxxSpdQZ7TwTSa4xT,Spotify Playlist,2026-02-06,https://open.spotify.com/track/4SCW9QxxSpdQZ7TwTSa4xT,True
Agnes,SIGN IT,album,1.0,spotify_playlist_api,Agnes - SIGN IT,https://open.spotify.com/track/0fXnyYPljuHzW3FRXAv9wP,Spotify Playlist,2026-01-23,https://open.spotify.com/track/0fXnyYPljuHzW3FRXAv9wP,True
JOXION,That's So True,single,1.0,spotify_playlist_api,JOXION - That's So True,https://open.spotify.com/track/4icMifx3jMpCMfencg8dBA,Spotify Playlist,2026-01-30,https://open.spotify.com/track/4icMifx3jMpCMfencg8dBA,True
Old Jim,bad guy,single,1.0,spotify_playlist_api,Old Jim - bad guy,https://open.spotify.com/track/0JTpeNKfBtJ5axdHirbj05,Spotify Playlist,2026-01-30,https://open.spotify.com/track/0JTpeNKfBtJ5axdHirbj05,True
Kungs,Galaxy,single,1.0,spotify_playlist_api,Kungs - Galaxy,https://open.spotify.com/track/2h5Nvt8nCnpaX4xrwmcMnV,Spotify Playlist,2026-01-09,https://open.spotify.com/track/2h5Nvt8nCnpaX4xrwmcMnV,True
YouNotUs,What You Hiding?,single,1.0,spotify_playlist_api,YouNotUs - What You Hiding?,https://open.spotify.com/track/3nD942ta7jpMXO0xyKWEav,Spotify Playlist,2026-01-16,https://open.spotify.com/track/3nD942ta7jpMXO0xyKWEav,True
Lavern,In My Head,single,1.0,spotify_playlist_api,Lavern - In My Head,https://open.spotify.com/track/3qHPMaazhsySnfGlWIB45Y,Spotify Playlist,2026-01-30,https://open.spotify.com/track/3qHPMaazhsySnfGlWIB45Y,True
Morry,Maghron La,single,1.0,spotify_playlist_api,Morry - Maghron La,https://open.spotify.com/track/2r3P9c161ZaFj0pvaAvXbB,Spotify Playlist,2026-01-30,https://open.spotify.com/track/2r3P9c161ZaFj0pvaAvXbB,True
ILLENIUM,Feel Alive,single,1.0,spotify_playlist_api,ILLENIUM - Feel Alive,https://open.spotify.com/track/0EYoVxpvCLOoPMYz0ZEexD,Spotify Playlist,2026-01-16,https://open.spotify.com/track/0EYoVxpvCLOoPMYz0ZEexD,True
MALUGI,Better Together,single,1.0,spotify_playlist_api,MALUGI - Better Together,https://open.spotify.com/track/2FMuB8xCnic6o0aYQiThLh,Spotify Playlist,2025-12-05,https://open.spotify.com/track/2FMuB8xCnic6o0aYQiThLh,True
Timbaland,The Way I Are - Max Dean Remix - Extended,single,1.0,spotify_playlist_api,Timbaland - The Way I Are - Max Dean Remix - Extended,https://open.spotify.com/track/4fWGfF4E3zNsrb6JgRB57z,Spotify Playlist,2025-12-19,https://open.spotify.com/track/4fWGfF4E3zNsrb6JgRB57z,True
Jazzy,Can't Deny It,single,1.0,spotify_playlist_api,Jazzy - Can't Deny It,https://open.spotify.com/track/21tV1aVocgAot1YekbvJRZ,Spotify Playlist,2025-12-05,https://open.spotify.com/track/21tV1aVocgAot1YekbvJRZ,True
Maroox,I Would Like,single,1.0,spotify_playlist_api,Maroox - I Would Like,https://open.spotify.com/track/2gJhDsSI2p89sW9Vx5WMxv,Spotify Playlist,2025-10-31,https://open.spotify.com/track/2gJhDsSI2p89sW9Vx5WMxv,True
Billen Ted,Double Tap It,single,1.0,spotify_playlist_api,Billen Ted - Double Tap It,https://open.spotify.com/track/5bkZWaYwOLPXU9N20g3SKO,Spotify Playlist,2025-11-28,https://open.spotify.com/track/5bkZWaYwOLPXU9N20g3SKO,True
Confidence Man,17,EP,1.0,spotify_playlist_api,Confidence Man - 17,https://open.spotify.com/track/1TMHvSK3CiHjpcVsCTrd6a,Spotify Playlist,2025-12-05,https://open.spotify.com/track/1TMHvSK3CiHjpcVsCTrd6a,True
Kolter,GTFU (Simon Says),single,1.0,spotify_playlist_api,Kolter - GTFU (Simon Says),https://open.spotify.com/track/2YC2IEpk6jKcIgif6HgF2Z,Spotify Playlist,2025-11-28,https://open.spotify.com/track/2YC2IEpk6jKcIgif6HgF2Z,True
TOMORA,RING THE ALARM,single,1.0,spotify_playlist_api,TOMORA - RING THE ALARM,https://open.spotify.com/track/4ewxZwUwLeMZEMWF1CRLeG,Spotify Playlist,2025-12-04,https://open.spotify.com/track/4ewxZwUwLeMZEMWF1CRLeG,True
LIZOT,I Think We're Alone Now,single,1.0,spotify_playlist_api,LIZOT - I Think We're Alone Now,https://open.spotify.com/track/3jlUHgRrRJkqWrKKjQZSwS,Spotify Playlist,2025-12-05,https://open.spotify.com/track/3jlUHgRrRJkqWrKKjQZSwS,True
Fritz Kalkbrenner,Calling You,single,1.0,spotify_playlist_api,Fritz Kalkbrenner - Calling You,https://open.spotify.com/track/6lLiAf6RaQULGhWSlIsivQ,Spotify Playlist,2025-12-12,https://open.spotify.com/track/6lLiAf6RaQULGhWSlIsivQ,True
Tomas Grey,Rumors,single,1.0,spotify_playlist_api,Tomas Grey - Rumors,https://open.spotify.com/track/4AHW7Q2TGKwfndbbQvjXmF,Spotify Playlist,2025-12-31,https://open.spotify.com/track/4AHW7Q2TGKwfndbbQvjXmF,True
The Avener,All Of The Time,single,1.0,spotify_playlist_api,The Avener - All Of The Time,https://open.spotify.com/track/4oiwfWqwbcAqGuHHkHbU7r,Spotify Playlist,2025-12-11,https://open.spotify.com/track/4oiwfWqwbcAqGuHHkHbU7r,True
Alle Farben,Baby Goodbye,single,1.0,spotify_playlist_api,Alle Farben - Baby Goodbye,https://open.spotify.com/track/2XyLvow6caHBnDjqUDfn62,Spotify Playlist,2025-11-14,https://open.spotify.com/track/2XyLvow6caHBnDjqUDfn62,True
Loud Luxury,LOVE YOU FOR LIFE.,single,1.0,spotify_playlist_api,Loud Luxury - LOVE YOU FOR LIFE.,https://open.spotify.com/track/3acMyDFxlQ2O5l3c9pJeQ4,Spotify Playlist,2025-11-21,https://open.spotify.com/track/3acMyDFxlQ2O5l3c9pJeQ4,True
Yearboox,Graceland,single,1.0,spotify_playlist_api,Yearboox - Graceland,https://open.spotify.com/track/0UrAgB7p2pNB7lzdWEWw8V,Spotify Playlist,2025-11-28,https://open.spotify.com/track/0UrAgB7p2pNB7lzdWEWw8V,True
GIGI D'AGOSTINO,"SIAMO ANGELI - GIGI DAG,Prezioso & Luca Noise Angeli Mix",single,1.0,spotify_playlist_api,"GIGI D'AGOSTINO - SIAMO ANGELI - GIGI DAG,Prezioso & Luca Noise Angeli Mix",https://open.spotify.com/track/6aVbaiLOXtgx6mfKBUI1M6,Spotify Playlist,2025-11-28,https://open.spotify.com/track/6aVbaiLOXtgx6mfKBUI1M6,True
LIZOT,Don't Stop Believin',single,1.0,spotify_playlist_api,LIZOT - Don't Stop Believin',https://open.spotify.com/track/0ZQLzZuoMcFDMgzFngXBCM,Spotify Playlist,2025-12-12,https://open.spotify.com/track/0ZQLzZuoMcFDMgzFngXBCM,True
felix jaehn,BANG BANG,single,1.0,spotify_playlist_api,felix jaehn - BANG BANG,https://open.spotify.com/track/0eJSm2G0t3XX4SUuU1aSaH,Spotify Playlist,2025-08-22,https://open.spotify.com/track/0eJSm2G0t3XX4SUuU1aSaH,True
Marlon Hoffstadt,Hold You Close,single,1.0,spotify_playlist_api,Marlon Hoffstadt - Hold You Close,https://open.spotify.com/track/3oAkenLgVAQNhZMYPr2xQx,Spotify Playlist,2025-11-28,https://open.spotify.com/track/3oAkenLgVAQNhZMYPr2xQx,True
bbyclose,ego,single,1.0,spotify_playlist_api,bbyclose - ego,https://open.spotify.com/track/5PBTKRzy7645Er3nPxTWWK,Spotify Playlist,2025-10-24,https://open.spotify.com/track/5PBTKRzy7645Er3nPxTWWK,True
NOTION,WAITING,single,1.0,spotify_playlist_api,NOTION - WAITING,https://open.spotify.com/track/4K4itwcuTopegq8qWQnRzk,Spotify Playlist,2025-10-31,https://open.spotify.com/track/4K4itwcuTopegq8qWQnRzk,True
HAYLA,FADED,single,1.0,spotify_playlist_api,HAYLA - FADED,https://open.spotify.com/track/0OSKN4D9kXEunDf89augTt,Spotify Playlist,2025-11-14,https://open.spotify.com/track/0OSKN4D9kXEunDf89augTt,True
The Chemical Brothers,Block Rockin' Beats - Don Diablo Remix,single,1.0,spotify_playlist_api,The Chemical Brothers - Block Rockin' Beats - Don Diablo Remix,https://open.spotify.com/track/4mIQn3WT3fW0XqaMVRvMl0,Spotify Playlist,2025-11-07,https://open.spotify.com/track/4mIQn3WT3fW0XqaMVRvMl0,True
Enzo Siffredi,Another Day,single,1.0,spotify_playlist_api,Enzo Siffredi - Another Day,https://open.spotify.com/track/1iVpDutVYrfTdbyCEhqBiU,Spotify Playlist,2025-11-21,https://open.spotify.com/track/1iVpDutVYrfTdbyCEhqBiU,True
Diffrent,For Me,single,1.0,spotify_playlist_api,Diffrent - For Me,https://open.spotify.com/track/1lJh7RbM1ZzRaFRI5o6Asp,Spotify Playlist,2025-11-14,https://open.spotify.com/track/1lJh7RbM1ZzRaFRI5o6Asp,True
Kungs,Nasty,single,1.0,spotify_playlist_api,Kungs - Nasty,https://open.spotify.com/track/1sKLFVc86oelMYuXvZ4LBg,Spotify Playlist,2025-11-14,https://open.spotify.com/track/1sKLFVc86oelMYuXvZ4LBg,True
Jazzy,No Bad Vibes,single,1.0,spotify_playlist_api,Jazzy - No Bad Vibes,https://open.spotify.com/track/0t2VriRu69DxI5inzSt9tK,Spotify Playlist,2025-03-21,https://open.spotify.com/track/0t2VriRu69DxI5inzSt9tK,True
Marlon Hoffstadt,Daddy's In The Club,EP,1.0,spotify_playlist_api,Marlon Hoffstadt - Daddy's In The Club,https://open.spotify.com/track/6YerwnfrVGahU53mFpXjvB,Spotify Playlist,2025-07-11,https://open.spotify.com/track/6YerwnfrVGahU53mFpXjvB,True
Miss Bashful,Miss Icónica,single,1.0,spotify_playlist_api,Miss Bashful - Miss Icónica,https://open.spotify.com/track/15LkNJpMMSJJ5ZfdLMYpXO,Spotify Playlist,2025-10-03,https://open.spotify.com/track/15LkNJpMMSJJ5ZfdLMYpXO,True
DJ MUCA,MEGA YOU WILL SEE,single,1.0,spotify_playlist_api,DJ MUCA - MEGA YOU WILL SEE,https://open.spotify.com/track/6VcAfcGXL4jxFq4Hxk56wm,Spotify Playlist,2025-02-28,https://open.spotify.com/track/6VcAfcGXL4jxFq4Hxk56wm,True
Lumarii,The Way I Are,single,1.0,spotify_playlist_api,Lumarii - The Way I Are,https://open.spotify.com/track/0BLSiHuflmUgukXFAuANNj,Spotify Playlist,2025-11-07,https://open.spotify.com/track/0BLSiHuflmUgukXFAuANNj,True
KLAR,Shut Your Eyes,single,1.0,spotify_playlist_api,KLAR - Shut Your Eyes,https://open.spotify.com/track/29jvLxwNhiFFudgJOgAw83,Spotify Playlist,2025-10-17,https://open.spotify.com/track/29jvLxwNhiFFudgJOgAw83,True
Joe Hunt,Renegade Masta,single,1.0,spotify_playlist_api,Joe Hunt - Renegade Masta,https://open.spotify.com/track/76TUTPypvgjIlMz3tFcqNq,Spotify Playlist,2025-10-24,https://open.spotify.com/track/76TUTPypvgjIlMz3tFcqNq,True
ILLENIUM,With Your Love,single,1.0,spotify_playlist_api,ILLENIUM - With Your Love,https://open.spotify.com/track/3T1CFsOfNi9Dy9cMtjNdEQ,Spotify Playlist,2025-11-07,https://open.spotify.com/track/3T1CFsOfNi9Dy9cMtjNdEQ,True
BLR,Feeling Good,single,1.0,spotify_playlist_api,BLR - Feeling Good,https://open.spotify.com/track/5sbw5REgvhYa1JAxE1mCgr,Spotify Playlist,2025-10-24,https://open.spotify.com/track/5sbw5REgvhYa1JAxE1mCgr,True
CID,Fancy $hit,single,1.0,spotify_playlist_api,CID - Fancy $hit,https://open.spotify.com/track/6Ar3apWGoJLPZ3zy6Eb94F,Spotify Playlist,2025-09-05,https://open.spotify.com/track/6Ar3apWGoJLPZ3zy6Eb94F,True
R3HAB,In My Head,single,1.0,spotify_playlist_api,R3HAB - In My Head,https://open.spotify.com/track/53neEmYNBRbGmBC2PyBROj,Spotify Playlist,2025-10-24,https://open.spotify.com/track/53neEmYNBRbGmBC2PyBROj,True
Natascha Polké,Let Myself Go,EP,1.0,spotify_playlist_api,Natascha Polké - Let Myself Go,https://open.spotify.com/track/4QSeTgII6hxgHk9ZsBxIMH,Spotify Playlist,2025-11-07,https://open.spotify.com/track/4QSeTgII6hxgHk9ZsBxIMH,True
twocolors,Chemical,single,1.0,spotify_playlist_api,twocolors - Chemical,https://open.spotify.com/track/3i4cqv5kDL8yrtDh0nhLOt,Spotify Playlist,2025-09-26,https://open.spotify.com/track/3i4cqv5kDL8yrtDh0nhLOt,True
Alesso,Destiny,single,1.0,spotify_playlist_api,Alesso - Destiny,https://open.spotify.com/track/226k90b2zBBhhnHtF5G7bB,Spotify Playlist,2025-10-17,https://open.spotify.com/track/226k90b2zBBhhnHtF5G7bB,True
Jubël,Waiting For A Star To Fall - MistaJam Remix Edit,single,1.0,spotify_playlist_api,Jubël - Waiting For A Star To Fall - MistaJam Remix Edit,https://open.spotify.com/track/2RTWTzkAM01SRPMJMFqE1b,Spotify Playlist,2025-09-26,https://open.spotify.com/track/2RTWTzkAM01SRPMJMFqE1b,True
felix jaehn,NOW'S A GOOD TIME TO BE,album,1.0,spotify_playlist_api,felix jaehn - NOW'S A GOOD TIME TO BE,https://open.spotify.com/track/2Qu8Kb8WJwUMUwr5y9R1f9,Spotify Playlist,2025-10-09,https://open.spotify.com/track/2Qu8Kb8WJwUMUwr5y9R1f9,True
Demi Lovato,Here All Night - INJI Remix,single,1.0,spotify_playlist_api,Demi Lovato - Here All Night - INJI Remix,https://open.spotify.com/track/2zkZbmGdYDLhWY6Mz7f1Gt,Spotify Playlist,2025-10-01,https://open.spotify.com/track/2zkZbmGdYDLhWY6Mz7f1Gt,True
Gestört aber GeiL,Like a Prayer,single,1.0,spotify_playlist_api,Gestört aber GeiL - Like a Prayer,https://open.spotify.com/track/6wpcotMKQ5mlnMJdHrFQZP,Spotify Playlist,2025-09-12,https://open.spotify.com/track/6wpcotMKQ5mlnMJdHrFQZP,True
DJs From Mars,Hollow Way,single,1.0,spotify_playlist_api,DJs From Mars - Hollow Way,https://open.spotify.com/track/49BSdAnHVdD6AJrNVWUWo5,Spotify Playlist,2025-10-17,https://open.spotify.com/track/49BSdAnHVdD6AJrNVWUWo5,True
joki,Sagora,single,1.0,spotify_playlist_api,joki - Sagora,https://open.spotify.com/track/2jvdGgA0XTo3BdHkqFMUcx,Spotify Playlist,2025-10-10,https://open.spotify.com/track/2jvdGgA0XTo3BdHkqFMUcx,True
The Ironix,Ton Coeur,single,1.0,spotify_playlist_api,The Ironix - Ton Coeur,https://open.spotify.com/track/0enEnNIIloRjE89FBYBXzL,Spotify Playlist,2025-09-26,https://open.spotify.com/track/0enEnNIIloRjE89FBYBXzL,True
bullet tooth,A Place You Wanna Go (Good Life),single,1.0,spotify_playlist_api,bullet tooth - A Place You Wanna Go (Good Life),https://open.spotify.com/track/0aDKvLIttZfWCA0zFjVn92,Spotify Playlist,2025-10-03,https://open.spotify.com/track/0aDKvLIttZfWCA0zFjVn92,True
Jubël,Waiting For A Star To Fall - Hix Remix Edit,single,1.0,spotify_playlist_api,Jubël - Waiting For A Star To Fall - Hix Remix Edit,https://open.spotify.com/track/2pXyUW4oQeZs0bMl8eUCP1,Spotify Playlist,2025-10-03,https://open.spotify.com/track/2pXyUW4oQeZs0bMl8eUCP1,True
Tom Enzy,Follow Me,single,1.0,spotify_playlist_api,Tom Enzy - Follow Me,https://open.spotify.com/track/1SSs1CFiYTllDTm5imjHPG,Spotify Playlist,2025-10-10,https://open.spotify.com/track/1SSs1CFiYTllDTm5imjHPG,True
ATB,Believe In Love,single,1.0,spotify_playlist_api,ATB - Believe In Love,https://open.spotify.com/track/5jcqxzPZnGkMsNSxzFpJW5,Spotify Playlist,2025-09-26,https://open.spotify.com/track/5jcqxzPZnGkMsNSxzFpJW5,True
Marcus & Martinus,The Room,single,1.0,spotify_playlist_api,Marcus & Martinus - The Room,https://open.spotify.com/track/1X9wnBr0GtplOi4VuYsOAS,Spotify Playlist,2025-09-26,https://open.spotify.com/track/1X9wnBr0GtplOi4VuYsOAS,True
A-Clark,All For U,single,1.0,spotify_playlist_api,A-Clark - All For U,https://open.spotify.com/track/5HUSocXuDOzC8kQmsWvMvl,Spotify Playlist,2025-08-08,https://open.spotify.com/track/5HUSocXuDOzC8kQmsWvMvl,True
CLTX,Tension,single,1.0,spotify_playlist_api,CLTX - Tension,https://open.spotify.com/track/35nMJcoKLjpX0eeg9yY3fD,Spotify Playlist,2025-08-22,https://open.spotify.com/track/35nMJcoKLjpX0eeg9yY3fD,True
YouNotUs,In The Middle,single,1.0,spotify_playlist_api,YouNotUs - In The Middle,https://open.spotify.com/track/0OW3s0JdsWXYGCw6PLU53x,Spotify Playlist,2025-09-26,https://open.spotify.com/track/0OW3s0JdsWXYGCw6PLU53x,True
Azteck,Pretty Woman (All Around The World) (with Gabry Ponte),single,1.0,spotify_playlist_api,Azteck - Pretty Woman (All Around The World) (with Gabry Ponte),https://open.spotify.com/track/5IguGIyNtdR4LvPn6vDbhh,Spotify Playlist,2025-09-26,https://open.spotify.com/track/5IguGIyNtdR4LvPn6vDbhh,True
DJ GUESTLIST,Vollrausch,single,1.0,spotify_playlist_api,DJ GUESTLIST - Vollrausch,https://open.spotify.com/track/4d2VVOpHEKAfDT13ihM4pS,Spotify Playlist,2025-08-08,https://open.spotify.com/track/4d2VVOpHEKAfDT13ihM4pS,True
Natascha Polké,Everybody Knows,single,1.0,spotify_playlist_api,Natascha Polké - Everybody Knows,https://open.spotify.com/track/41CZBcABG1VKlQ3b9VLhgi,Spotify Playlist,2025-08-15,https://open.spotify.com/track/41CZBcABG1VKlQ3b9VLhgi,True
twocolors,UNDERWORLD,single,1.0,spotify_playlist_api,twocolors - UNDERWORLD,https://open.spotify.com/track/1zxoMGWtvjovQznFdXRmpH,Spotify Playlist,2025-08-15,https://open.spotify.com/track/1zxoMGWtvjovQznFdXRmpH,True
Regard,Piece of Me,single,1.0,spotify_playlist_api,Regard - Piece of Me,https://open.spotify.com/track/2fK8c5T8vXoO7BidKZxBBO,Spotify Playlist,2025-08-15,https://open.spotify.com/track/2fK8c5T8vXoO7BidKZxBBO,True
FAST BOY,Nothing Lasts Forever,single,1.0,spotify_playlist_api,FAST BOY - Nothing Lasts Forever,https://open.spotify.com/track/5eGSOtR7j0LuzmM8F0dCAW,Spotify Playlist,2025-08-08,https://open.spotify.com/track/5eGSOtR7j0LuzmM8F0dCAW,True
Alle Farben,Loving You Is Life,single,1.0,spotify_playlist_api,Alle Farben - Loving You Is Life,https://open.spotify.com/track/0XSomaqxA3ic743NuPpEKe,Spotify Playlist,2025-09-26,https://open.spotify.com/track/0XSomaqxA3ic743NuPpEKe,True
James Hype,Waterfalls (feat. Sam Harper & Bobby Harvey),single,1.0,spotify_playlist_api,James Hype - Waterfalls (feat. Sam Harper & Bobby Harvey),https://open.spotify.com/track/1OcV53oesLQw3VTW9I3uD3,Spotify Playlist,2025-08-08,https://open.spotify.com/track/1OcV53oesLQw3VTW9I3uD3,True
Ely Oaks,Breakin' Dishes,single,1.0,spotify_playlist_api,Ely Oaks - Breakin' Dishes,https://open.spotify.com/track/3rTvXpSq6fDU1PitJlmnhm,Spotify Playlist,2025-09-12,https://open.spotify.com/track/3rTvXpSq6fDU1PitJlmnhm,True
ILLENIUM,Refuge,single,1.0,spotify_playlist_api,ILLENIUM - Refuge,https://open.spotify.com/track/1PCkDEDApsRDfUIIp7uEp3,Spotify Playlist,2025-08-01,https://open.spotify.com/track/1PCkDEDApsRDfUIIp7uEp3,True
Empire Of The Sun,Walking On A Dream - Marlon Hoffstadt Remix,single,1.0,spotify_playlist_api,Empire Of The Sun - Walking On A Dream - Marlon Hoffstadt Remix,https://open.spotify.com/track/0NZdEb4FIYj30IVRlzaY30,Spotify Playlist,2025-08-22,https://open.spotify.com/track/0NZdEb4FIYj30IVRlzaY30,True
Kungs,Light Me Up,single,1.0,spotify_playlist_api,Kungs - Light Me Up,https://open.spotify.com/track/1VbLQ4OGIkoxPqmaxgOIIv,Spotify Playlist,2025-09-12,https://open.spotify.com/track/1VbLQ4OGIkoxPqmaxgOIIv,True
Natascha Polké,Dawn,single,1.0,spotify_playlist_api,Natascha Polké - Dawn,https://open.spotify.com/track/3PWsoTF9TbG26qg7ZoVPtV,Spotify Playlist,2025-09-12,https://open.spotify.com/track/3PWsoTF9TbG26qg7ZoVPtV,True
YouNotUs,Beautiful Odyssey,single,1.0,spotify_playlist_api,YouNotUs - Beautiful Odyssey,https://open.spotify.com/track/5hiYBhGt4E9o5n2LycnAuh,Spotify Playlist,2025-08-01,https://open.spotify.com/track/5hiYBhGt4E9o5n2LycnAuh,True
DumitrEscu,Sitting In The Sun (Walking In The Rain),single,1.0,spotify_playlist_api,DumitrEscu - Sitting In The Sun (Walking In The Rain),https://open.spotify.com/track/1ICqM7PreerK3OSNjgVhtw,Spotify Playlist,2025-07-25,https://open.spotify.com/track/1ICqM7PreerK3OSNjgVhtw,True
Pablo Nouvelle,Nobody As Tight,single,1.0,spotify_playlist_api,Pablo Nouvelle - Nobody As Tight,https://open.spotify.com/track/7hNFD01WuvsTDhnSalHzk6,Spotify Playlist,2025-08-15,https://open.spotify.com/track/7hNFD01WuvsTDhnSalHzk6,True
Martin Garrix,MAD,single,1.0,spotify_playlist_api,Martin Garrix - MAD,https://open.spotify.com/track/6vM1GSndPtQk7AmqEmNAPH,Spotify Playlist,2025-05-27,https://open.spotify.com/track/6vM1GSndPtQk7AmqEmNAPH,True
Scooter,Heart Attack,single,1.0,spotify_playlist_api,Scooter - Heart Attack,https://open.spotify.com/track/1i4T9wZQCQDzgPllYePboc,Spotify Playlist,2025-07-11,https://open.spotify.com/track/1i4T9wZQCQDzgPllYePboc,True
Ely Oaks,Borderline,single,1.0,spotify_playlist_api,Ely Oaks - Borderline,https://open.spotify.com/track/3RJqGQaU5C6olAtsaO7hjc,Spotify Playlist,2025-04-22,https://open.spotify.com/track/3RJqGQaU5C6olAtsaO7hjc,True
Alle Farben,Labyrinth,single,1.0,spotify_playlist_api,Alle Farben - Labyrinth,https://open.spotify.com/track/2sU1ck6zviGIfJ9QYJBaVV,Spotify Playlist,2025-08-15,https://open.spotify.com/track/2sU1ck6zviGIfJ9QYJBaVV,True
EBEN,Feel the love,EP,1.0,spotify_playlist_api,EBEN - Feel the love,https://open.spotify.com/track/0rfs7uSrBrWzXZV1nIWAEO,Spotify Playlist,2025-06-13,https://open.spotify.com/track/0rfs7uSrBrWzXZV1nIWAEO,True
Confidence Man,gossip,single,1.0,spotify_playlist_api,Confidence Man - gossip,https://open.spotify.com/track/3pgwQNwEqbU12kLNXNDB7Q,Spotify Playlist,2025-07-23,https://open.spotify.com/track/3pgwQNwEqbU12kLNXNDB7Q,True
twocolors,Head Above Water,single,1.0,spotify_playlist_api,twocolors - Head Above Water,https://open.spotify.com/track/1w9Mk87mUA4hhA2wJCuiB4,Spotify Playlist,2025-05-30,https://open.spotify.com/track/1w9Mk87mUA4hhA2wJCuiB4,True
Mathame,Love Somebody,single,1.0,spotify_playlist_api,Mathame - Love Somebody,https://open.spotify.com/track/66RxR6rg3OoS9eZJzlXon3,Spotify Playlist,2025-07-25,https://open.spotify.com/track/66RxR6rg3OoS9eZJzlXon3,True
HUNTR/X,Golden - David Guetta REM/X,single,1.0,spotify_playlist_api,HUNTR/X - Golden - David Guetta REM/X,https://open.spotify.com/track/5tVnzVWIKrmmuOPGbXUbT4,Spotify Playlist,2025-07-25,https://open.spotify.com/track/5tVnzVWIKrmmuOPGbXUbT4,True
Marshmello,Save My Love (with Ellie Goulding & AVAION),single,1.0,spotify_playlist_api,Marshmello - Save My Love (with Ellie Goulding & AVAION),https://open.spotify.com/track/4w3Uy4n1hfj1mx6ag7bII5,Spotify Playlist,2025-06-06,https://open.spotify.com/track/4w3Uy4n1hfj1mx6ag7bII5,True
PÆDE,I Just Feel Like,single,1.0,spotify_playlist_api,PÆDE - I Just Feel Like,https://open.spotify.com/track/7fmaW0KFhDoS98vJk5slq3,Spotify Playlist,2025-07-25,https://open.spotify.com/track/7fmaW0KFhDoS98vJk5slq3,True
Worakls,No Boundaries,single,1.0,spotify_playlist_api,Worakls - No Boundaries,https://open.spotify.com/track/4Lpp6C7Au2zIGpNSirxLkK,Spotify Playlist,2025-07-18,https://open.spotify.com/track/4Lpp6C7Au2zIGpNSirxLkK,True
The Ironix,You,single,1.0,spotify_playlist_api,The Ironix - You,https://open.spotify.com/track/44q1UuWeAd10A039OJaQCo,Spotify Playlist,2025-07-25,https://open.spotify.com/track/44q1UuWeAd10A039OJaQCo,True
CLTX,Music Is My Life,single,1.0,spotify_playlist_api,CLTX - Music Is My Life,https://open.spotify.com/track/0YqtNnefCpMCkk7YWsa3m5,Spotify Playlist,2025-07-25,https://open.spotify.com/track/0YqtNnefCpMCkk7YWsa3m5,True
Romy Janssen,Loving You,single,1.0,spotify_playlist_api,Romy Janssen - Loving You,https://open.spotify.com/track/13H24WUvExZMZPnmRTZioz,Spotify Playlist,2025-07-25,https://open.spotify.com/track/13H24WUvExZMZPnmRTZioz,True
GATTÜSO,Abrazarte (Disfruto),single,1.0,spotify_playlist_api,GATTÜSO - Abrazarte (Disfruto),https://open.spotify.com/track/6PgfEsF2vIBhhvRa9cPO94,Spotify Playlist,2025-07-18,https://open.spotify.com/track/6PgfEsF2vIBhhvRa9cPO94,True
Fritz Kalkbrenner,When I See You,single,1.0,spotify_playlist_api,Fritz Kalkbrenner - When I See You,https://open.spotify.com/track/52j7AUn5Go7y4B4TPABkx9,Spotify Playlist,2025-07-18,https://open.spotify.com/track/52j7AUn5Go7y4B4TPABkx9,True
Alle Farben,From Disco To Disco,single,1.0,spotify_playlist_api,Alle Farben - From Disco To Disco,https://open.spotify.com/track/1MzPUIynJATkuvympwipnm,Spotify Playlist,2025-07-18,https://open.spotify.com/track/1MzPUIynJATkuvympwipnm,True
LIZOT,Down Under 2025,single,1.0,spotify_playlist_api,LIZOT - Down Under 2025,https://open.spotify.com/track/0uu4zP1xNBHPgXEmeUGLLq,Spotify Playlist,2025-07-18,https://open.spotify.com/track/0uu4zP1xNBHPgXEmeUGLLq,True
YORRY,That's So True,single,1.0,spotify_playlist_api,YORRY - That's So True,https://open.spotify.com/track/5P4rvjohM7IEd3znZ6ijwY,Spotify Playlist,2025-07-11,https://open.spotify.com/track/5P4rvjohM7IEd3znZ6ijwY,True
Cheat Codes,Be Your Friend (Feat. Enisa),single,1.0,spotify_playlist_api,Cheat Codes - Be Your Friend (Feat. Enisa),https://open.spotify.com/track/3WOUpopjIGVJT0NfwxgYkl,Spotify Playlist,2025-05-30,https://open.spotify.com/track/3WOUpopjIGVJT0NfwxgYkl,True
VTSS,Can't Catch Me,single,1.0,spotify_playlist_api,VTSS - Can't Catch Me,https://open.spotify.com/track/3Qd3EeuoHj4LXzCkff7DFT,Spotify Playlist,2025-07-16,https://open.spotify.com/track/3Qd3EeuoHj4LXzCkff7DFT,True
Jubël,Walkman,single,1.0,spotify_playlist_api,Jubël - Walkman,https://open.spotify.com/track/5fY4Ny98j9wUDvSSRj6GaC,Spotify Playlist,2025-05-23,https://open.spotify.com/track/5fY4Ny98j9wUDvSSRj6GaC,True
Loco Dice,Just Do It,album,1.0,spotify_playlist_api,Loco Dice - Just Do It,https://open.spotify.com/track/68LYCLoultJSOpLG3G7Grn,Spotify Playlist,2025-05-23,https://open.spotify.com/track/68LYCLoultJSOpLG3G7Grn,True
Rony Seikaly,Rude Boi,single,1.0,spotify_playlist_api,Rony Seikaly - Rude Boi,https://open.spotify.com/track/6RhszueRE6SiDnXkv3i88r,Spotify Playlist,2025-06-27,https://open.spotify.com/track/6RhszueRE6SiDnXkv3i88r,True
Ginton,Kalabancoro,single,1.0,spotify_playlist_api,Ginton - Kalabancoro,https://open.spotify.com/track/3DidOh90QTm6XAnD40gyJv,Spotify Playlist,2025-06-20,https://open.spotify.com/track/3DidOh90QTm6XAnD40gyJv,True
Ely Oaks,I Wanna Go,single,1.0,spotify_playlist_api,Ely Oaks - I Wanna Go,https://open.spotify.com/track/23eZSuMOfsr4tTWcC6DGcG,Spotify Playlist,2025-06-26,https://open.spotify.com/track/23eZSuMOfsr4tTWcC6DGcG,True
Confidence Man,I CAN’T LOSE YOU,album,1.0,spotify_playlist_api,Confidence Man - I CAN’T LOSE YOU,https://open.spotify.com/track/4LJOC3L3wmOqX7jxC7DNTb,Spotify Playlist,2024-10-18,https://open.spotify.com/track/4LJOC3L3wmOqX7jxC7DNTb,True
Berky,Move Like Water,single,1.0,spotify_playlist_api,Berky - Move Like Water,https://open.spotify.com/track/57CG5MkpDrBlusa2VBIfda,Spotify Playlist,2025-06-19,https://open.spotify.com/track/57CG5MkpDrBlusa2VBIfda,True
HUGEL,Loosen Up,single,1.0,spotify_playlist_api,HUGEL - Loosen Up,https://open.spotify.com/track/299dSBpKciGfnsCHumMlsN,Spotify Playlist,2025-06-27,https://open.spotify.com/track/299dSBpKciGfnsCHumMlsN,True
Duke Dumont,I Need You Now,single,1.0,spotify_playlist_api,Duke Dumont - I Need You Now,https://open.spotify.com/track/7gLqg4i3lanQm6SmuhWlx6,Spotify Playlist,2025-06-20,https://open.spotify.com/track/7gLqg4i3lanQm6SmuhWlx6,True
Fantomel,Dame Un Grrr,single,1.0,spotify_playlist_api,Fantomel - Dame Un Grrr,https://open.spotify.com/track/7ih7pYSRZgWCTXuOmrnXjX,Spotify Playlist,2025-06-20,https://open.spotify.com/track/7ih7pYSRZgWCTXuOmrnXjX,True
Don Diablo,Doing Nothin',single,1.0,spotify_playlist_api,Don Diablo - Doing Nothin',https://open.spotify.com/track/6PAt6xtbwjpRwG4V3zKWaK,Spotify Playlist,2025-05-30,https://open.spotify.com/track/6PAt6xtbwjpRwG4V3zKWaK,True
KELLAR,Needed Me,single,1.0,spotify_playlist_api,KELLAR - Needed Me,https://open.spotify.com/track/4tqdsD2enJyRsXr6ZTbuib,Spotify Playlist,2025-06-13,https://open.spotify.com/track/4tqdsD2enJyRsXr6ZTbuib,True
mischluft,Side To Side,single,1.0,spotify_playlist_api,mischluft - Side To Side,https://open.spotify.com/track/0bRzCl937W9PlTCknGfcW8,Spotify Playlist,2025-06-06,https://open.spotify.com/track/0bRzCl937W9PlTCknGfcW8,True
Marlon Hoffstadt,Hands Up In The Sky,single,1.0,spotify_playlist_api,Marlon Hoffstadt - Hands Up In The Sky,https://open.spotify.com/track/20Z42fj1SxOWxMLePuivVs,Spotify Playlist,2025-05-23,https://open.spotify.com/track/20Z42fj1SxOWxMLePuivVs,True
Alle Farben,Apollo 2,single,1.0,spotify_playlist_api,Alle Farben - Apollo 2,https://open.spotify.com/track/4wIYetr4l1O4WS9VLJljdA,Spotify Playlist,2025-05-23,https://open.spotify.com/track/4wIYetr4l1O4WS9VLJljdA,True
Natascha Polké,Ghost,single,1.0,spotify_playlist_api,Natascha Polké - Ghost,https://open.spotify.com/track/15CXWtEaOlVG2Yj5L77zc8,Spotify Playlist,2025-06-20,https://open.spotify.com/track/15CXWtEaOlVG2Yj5L77zc8,True
David Guetta,Man In Finance (with David Guetta),single,1.0,spotify_playlist_api,David Guetta - Man In Finance (with David Guetta),https://open.spotify.com/track/5ZKnajvQQbMJeUhqilzi5T,Spotify Playlist,2024-06-07,https://open.spotify.com/track/5ZKnajvQQbMJeUhqilzi5T,True
Tom Enzy,Romeo,single,1.0,spotify_playlist_api,Tom Enzy - Romeo,https://open.spotify.com/track/4EVyKaYRQWFaDpbvEGdWel,Spotify Playlist,2025-06-06,https://open.spotify.com/track/4EVyKaYRQWFaDpbvEGdWel,True
ILLENIUM,In My Arms,single,1.0,spotify_playlist_api,ILLENIUM - In My Arms,https://open.spotify.com/track/6nJiqVmR1SyAu50GuDenIJ,Spotify Playlist,2025-05-16,https://open.spotify.com/track/6nJiqVmR1SyAu50GuDenIJ,True
OTIS,himmel brennt,EP,1.0,spotify_playlist_api,OTIS - himmel brennt,https://open.spotify.com/track/2VqvCVWB6DtSdzqjKxmNkE,Spotify Playlist,2025-06-20,https://open.spotify.com/track/2VqvCVWB6DtSdzqjKxmNkE,True
Jax Jones,Back In My Bed,single,1.0,spotify_playlist_api,Jax Jones - Back In My Bed,https://open.spotify.com/track/5Ptt8Whisd1IwucwgXEyeT,Spotify Playlist,2025-05-30,https://open.spotify.com/track/5Ptt8Whisd1IwucwgXEyeT,True
Agnes,BALENCIAGA COVERED EYES,single,1.0,spotify_playlist_api,Agnes - BALENCIAGA COVERED EYES,https://open.spotify.com/track/3KokqGsGKwLNjHxLbRIBQt,Spotify Playlist,2025-05-23,https://open.spotify.com/track/3KokqGsGKwLNjHxLbRIBQt,True
Hoax (BE),Fired Up,single,1.0,spotify_playlist_api,Hoax (BE) - Fired Up,https://open.spotify.com/track/59Zh2cPqIZSPjadFpUr5iF,Spotify Playlist,2025-05-16,https://open.spotify.com/track/59Zh2cPqIZSPjadFpUr5iF,True
TWENTY SIX,Paris Latino,single,1.0,spotify_playlist_api,TWENTY SIX - Paris Latino,https://open.spotify.com/track/043n7xmm69GquQTSEZrlsI,Spotify Playlist,2025-05-23,https://open.spotify.com/track/043n7xmm69GquQTSEZrlsI,True
MOSKA,KAI,single,1.0,spotify_playlist_api,MOSKA - KAI,https://open.spotify.com/track/0F5kzrD66lNCKGEty5QgJh,Spotify Playlist,2025-04-11,https://open.spotify.com/track/0F5kzrD66lNCKGEty5QgJh,True
MCYL,MATTRESS,single,1.0,spotify_playlist_api,MCYL - MATTRESS,https://open.spotify.com/track/63hckq0IAm6VXlQsDae1cs,Spotify Playlist,2025-05-23,https://open.spotify.com/track/63hckq0IAm6VXlQsDae1cs,True
Marlon Hoffstadt,Supersonic,single,1.0,spotify_playlist_api,Marlon Hoffstadt - Supersonic,https://open.spotify.com/track/01jx3vXwUaw9cfFeBk8sJQ,Spotify Playlist,2025-05-23,https://open.spotify.com/track/01jx3vXwUaw9cfFeBk8sJQ,True
